SPOL,VT,MT,BIAKR_R,NAB_NAD1,NAB_NAD_2,NAB_NAD_3,NAB_NAD,NAB_LED1,NAB_LED2,NAB_LED3,NAB_LED,BIKOND_LA,BIKOND_KO,OPS_GL,OPS_NAD_EXT,OPS_NAD_FLEX,SJE_V,RASP_RUK,DUB_PK,SIR_PK,NAB_TRB1,NAB_TRB2,NAB_TRB3,NAB_TRB,NAB_SUP1,NAB_SUP2,NAB_SUP3,NAB_SUP,NAB_GRUD1,NAB_GRUD2,NAB_GRUD3,OPS_GK_1,OPS_GK_2,OPS_GK_3,SIR_GL,SIR_RUC_Z,OPS_POT,DUZ_NOG,DUZ_NAT,DUZ_POT,BIKRIST_R,NAB_NAT1,NAB_NAT2,NAB_NAT3,NAB_NAT,NAB_POT1,NAB_POT2,NAB_POT3,NAB_POT,SIR_SAK,DUZ_SAK,DUZ_GL,OPS_TRB_U,OPS_TRB_C,OPS_STR,OPS_KUK,DUZ_RUK,DUZ_NAD,DUZ_POD,DUZ_STOP,SIR_STOP,SIR_SK_Z,BITROH_R,KOZ_POD1,KOZ_POD2,KOZ_POD3,KOZ_BIC1,KOZ_BIC2,KOZ_BIC3,KOZ_SAK1,KOZ_SAK2,KOZ_SAK3,OPS_POD,OPS_NAT,Somatotypo_Endo,Somatotypo_Meso,Somatotypo_Ecto,Eston_Endo,Eston_Meso,Eston_Ecto
M,184.80,68.10,39.25,6.40,6.60,6.00,6.33,9.20,8.80,9.20,9.07,7.10,9.70,57.50,28.50,30.00,100.80,182.40,19.25,27.25,6.40,6.60,6.80,6.60,5.20,4.60,4.80,4.87,3.60,3.60,3.40,90.00,88.50,86.00,13.90,5.70,34.50,,,,,,,,0.00,4.40,4.60,4.60,4.53,,20.80,,,,69.00,91.20,81.30,35.40,23.40,28.40,9.70,7.80,32.00,4.00,4.40,4.20,3.00,3.60,3.20,3.00,,,25.90,51.40,1.76000,3.21000,4.54000,1.75,3.22,4.59
M,182.50,80.20,39.75,15.00,15.00,14.90,14.97,14.60,14.40,14.00,14.33,6.80,10.40,62.50,27.10,31.20,97.00,178.10,18.50,26.50,18.20,18.10,18.10,18.13,17.40,17.20,17.40,17.33,5.40,5.10,5.30,93.00,89.10,86.20,15.50,6.10,40.30,,,,,,,,0.00,15.30,,,15.30,,,,,89.60,83.00,103.20,,,,,,,,,,,,,,,,,,,4.42000,4.50000,2.39000,4.30,4.50,2.44
M,178.60,68.60,4.75,6.00,7.80,7.40,7.07,8.40,8.00,7.60,8.00,7.10,8.60,56.50,30.50,34.00,94.00,179.70,19.00,28.25,6.80,6.40,6.60,6.60,5.40,5.20,5.20,5.27,4.60,4.40,4.20,91.50,89.00,86.00,14.40,5.90,39.00,,,,,,,,0.00,6.60,7.00,6.80,6.80,,,,,78.00,73.40,80.40,,,,,,,,,,,,,,,,,,,1.84000,4.79000,3.35000,1.83,4.79,3.40
M,198.20,102.10,43.25,10.60,13.00,13.40,12.33,12.80,14.60,15.40,14.27,7.60,10.50,59.00,35.50,39.40,101.10,197.40,23.50,31.00,18.00,17.40,18.20,17.87,12.00,10.40,10.20,10.87,5.40,4.80,5.00,108.40,103.20,96.70,14.60,6.30,40.20,,,,,,,,0.00,8.20,8.20,9.40,8.60,,20.60,,,92.00,88.60,106.10,86.70,37.40,27.10,30.20,10.40,8.10,35.25,6.20,5.40,5.80,4.20,4.20,4.20,3.00,,,31.30,67.40,3.29000,4.87000,2.46000,3.24,4.88,2.51
M,182.20,79.25,45.00,5.70,5.60,5.60,5.63,7.80,7.60,7.80,7.73,7.00,9.00,55.00,30.50,33.00,93.90,187.90,22.00,31.00,9.00,11.00,10.00,10.00,4.40,5.20,5.00,4.87,4.10,4.60,4.80,101.00,100.00,96.00,14.10,5.40,40.00,,,,,,,,0.00,5.80,6.00,6.00,5.93,,19.50,,,87.50,80.00,98.50,83.40,38.60,26.30,25.90,10.10,6.70,31.00,5.00,4.60,5.00,5.20,4.80,5.00,2.40,,,29.00,55.50,1.56000,4.48000,2.46000,1.55,4.49,2.52
M,184.00,77.20,42.25,4.80,4.80,5.00,4.87,8.00,7.60,8.00,7.87,7.00,9.50,52.50,34.00,39.50,95.50,184.30,19.75,29.00,8.00,8.40,7.80,8.07,6.20,6.40,6.60,6.40,4.20,4.20,4.20,104.00,99.50,94.00,15.00,6.00,37.70,,,,,,,,0.00,8.00,8.20,8.00,8.07,,19.70,,,81.00,78.00,95.50,78.60,34.70,23.90,27.50,10.30,7.60,32.25,5.20,5.00,4.80,3.60,4.00,4.00,3.00,,,29.00,57.00,1.64000,5.38000,3.05000,1.63,5.39,3.10
M,178.60,72.70,41.00,8.00,9.00,9.00,8.67,13.00,11.00,10.40,11.47,6.50,9.60,61.50,32.50,34.00,91.80,181.10,18.50,26.50,14.00,14.00,14.00,14.00,6.00,6.60,6.40,6.33,6.00,5.40,5.80,85.50,83.00,80.50,15.80,5.80,38.50,,,,,,,,0.00,8.00,9.20,8.00,8.40,,17.50,,,,75.00,92.00,78.90,36.30,26.00,27.10,10.00,7.20,31.00,5.60,5.20,5.60,3.00,3.60,3.60,3.00,,,26.50,62.00,2.53000,4.74000,2.74000,2.50,4.74,2.79
M,170.50,69.20,41.25,9.10,8.50,9.30,8.97,13.00,13.20,13.30,13.17,6.40,9.50,54.00,29.00,34.00,87.50,176.00,21.00,27.75,10.80,10.40,10.80,10.67,5.20,4.80,5.40,5.13,7.80,8.20,7.80,92.50,94.00,85.50,14.80,5.50,34.70,,,,,,,,0.00,7.60,7.80,7.80,7.73,,19.00,,,78.00,74.20,88.40,78.60,32.10,26.80,26.40,9.10,7.10,32.00,4.60,4.80,4.40,4.00,4.20,4.20,2.80,3.00,3.00,31.70,57.60,2.75000,5.05000,1.81000,2.72,5.05,1.86
M,173.90,83.30,40.75,14.30,14.70,14.80,14.60,19.80,20.00,20.20,20.00,6.00,9.30,60.00,28.50,33.30,90.50,175.80,20.75,28.50,1.80,1.60,2.00,1.80,14.60,14.80,14.40,14.60,15.20,15.40,15.00,100.00,99.60,96.60,15.50,5.10,35.20,,,,,,,,0.00,14.60,14.80,14.80,14.73,,17.20,,,97.00,87.70,103.00,77.90,34.00,25.50,25.50,8.80,7.30,33.00,7.60,7.80,7.80,18.00,18.20,18.20,3.60,3.80,3.80,31.00,64.50,4.84000,3.87000,0.80000,4.69,3.87,0.83
M,187.00,78.40,41.30,18.20,18.10,18.00,18.10,9.20,9.10,9.00,9.10,6.30,10.10,57.50,28.20,36.50,96.80,187.10,18.25,30.25,13.20,15.00,14.80,14.33,11.00,10.20,9.80,10.33,6.60,6.80,6.60,105.00,95.50,95.00,15.90,5.50,37.00,,,,,,,,0.00,16.20,16.00,16.40,16.20,,19.10,,,85.00,79.00,91.00,80.60,33.20,26.80,27.10,10.40,7.20,33.50,7.60,7.40,7.60,7.80,8.00,8.20,3.40,3.60,3.60,26.90,61.50,3.50000,3.69000,3.40000,3.44,3.70,3.45
M,191.00,90.60,39.50,10.90,11.00,11.10,11.00,11.20,11.10,11.10,11.13,6.10,10.50,54.00,36.00,39.60,101.00,190.50,22.25,29.50,22.00,22.10,22.20,22.10,17.80,17.70,17.70,17.73,5.20,5.10,5.10,94.80,101.00,95.00,16.00,6.00,41.00,,,,,,,,0.00,9.40,9.30,9.30,9.33,,23.40,,,93.00,86.00,102.70,85.00,37.40,23.90,28.40,10.40,8.20,33.25,5.60,5.50,5.60,4.00,4.10,3.90,2.80,,,30.00,59.80,3.64000,4.71000,2.54000,3.57,4.71,2.60
M,175.30,68.20,38.00,11.00,10.90,11.00,10.97,10.00,9.80,9.90,9.90,6.40,8.90,55.00,28.20,31.50,90.20,174.80,19.00,27.00,10.30,10.70,10.50,10.50,7.00,7.30,6.80,7.03,6.20,6.30,6.60,90.00,89.00,84.00,14.00,5.50,37.00,,,,,,,,0.00,11.10,11.00,11.00,11.03,,19.20,,,83.60,79.00,90.00,75.30,30.60,25.10,27.60,10.20,7.10,31.00,5.20,8.00,5.10,3.80,3.70,3.80,2.60,,,30.00,54.00,3.74000,3.87000,2.82000,2.71,3.87,2.87
M,176.00,66.20,37.05,11.30,11.20,11.00,11.17,9.00,8.90,9.00,8.97,6.40,8.60,54.50,27.60,31.30,89.40,172.50,18.00,23.00,9.00,8.80,9.10,8.97,6.30,6.20,6.30,6.27,6.20,6.00,6.10,87.00,84.00,78.00,14.00,5.20,37.00,,,,,,,,0.00,10.00,10.10,10.00,10.03,,18.60,,,,72.00,91.00,76.00,31.50,25.10,26.60,9.20,7.10,28.50,6.90,7.00,6.80,4.80,4.70,4.80,2.40,,,26.00,53.00,2.56000,3.57000,3.26000,2.54,3.57,3.31
M,168.50,87.20,43.25,21.00,23.00,21.00,21.67,16.20,16.50,16.50,16.40,6.90,10.10,58.50,32.50,38.00,96.20,192.20,20.00,28.00,27.80,28.00,27.40,27.73,16.00,17.00,15.40,16.13,10.00,10.00,9.80,102.50,101.00,97.00,15.20,5.70,39.10,,,,,,,,0.00,13.20,13.80,13.80,13.60,,19.80,,,89.00,82.00,99.00,82.80,35.40,26.30,27.80,9.90,7.00,32.00,10.20,9.80,9.20,6.40,6.80,5.80,3.20,,,29.00,62.50,5.41000,7.22000,0.10000,5.18,7.23,0.50
M,178.00,77.60,39.80,10.50,11.00,11.50,11.00,11.50,11.50,11.70,11.57,6.50,9.00,58.00,31.20,35.50,92.10,180.10,21.50,30.50,12.40,12.60,12.40,12.47,7.40,7.40,7.60,7.47,7.40,7.40,7.40,92.00,88.00,84.00,14.20,5.50,36.50,,,,,,,,0.00,6.00,6.40,6.20,6.20,,20.10,,,84.00,80.00,93.00,77.40,32.40,23.90,27.90,11.00,7.40,30.75,5.40,5.20,5.00,5.00,4.40,4.80,3.20,,,28.50,58.50,2.92000,4.41000,1.96000,2.88,4.41,2.01
M,172.00,71.20,37.00,7.00,7.00,8.00,7.33,10.10,10.20,10.10,10.13,6.40,9.00,57.00,30.00,35.00,91.50,174.00,17.50,29.00,12.40,12.20,12.20,12.27,5.80,5.70,5.80,5.77,5.20,5.50,5.30,88.00,93.00,85.00,13.80,5.50,33.50,,,,,,,,0.00,8.60,8.40,8.40,8.47,,19.00,,,81.00,78.00,95.00,72.90,30.10,23.20,25.10,10.00,7.30,30.00,5.20,5.40,5.40,4.60,4.40,4.60,3.20,,,25.00,56.50,2.29752,4.56752,1.79709,2.25,4.57,1.84
M,180.40,74.80,40.25,6.80,7.20,7.20,7.07,7.40,7.00,7.40,7.27,6.70,9.50,58.00,31.40,33.60,96.20,178.40,18.50,28.75,6.60,6.80,6.40,6.60,5.60,4.80,5.60,5.33,3.80,3.80,4.20,92.10,89.50,84.20,14.20,5.70,37.20,,,,,,,,0.00,8.20,7.00,7.00,7.40,,18.90,,,82.00,81.50,92.20,78.20,35.00,25.20,27.90,10.20,7.60,31.25,3.80,4.60,4.60,3.80,3.40,4.00,2.60,,,29.10,39.20,1.74903,4.37964,2.76106,1.73,4.38,2.81
M,182.60,83.20,40.50,9.40,9.80,11.00,10.07,12.00,12.00,10.40,11.47,7.70,11.00,58.00,33.00,37.00,93.10,183.60,18.50,31.00,17.00,19.00,18.40,18.13,6.80,7.40,7.20,7.13,6.8,7.80,9.20,99.00,94.50,92.00,14.40,6.20,40.00,,,,,,,,0.00,8.00,8.80,8.00,8.27,,20.70,,,,83.00,59.00,80.10,33.70,24.50,27.80,10.00,7.60,29.25,6.40,6.40,6.20,4.60,4.60,4.80,3.20,,,30.00,61.00,2.70008,6.87053,2.03757,2.67,6.87,2.08
M,173.20,60.10,38.25,7.80,7.20,7.00,7.33,8.60,9.60,9.60,9.27,6.70,8.70,57.00,25.00,28.50,89.70,173.60,17.75,27.00,8.80,10.00,10.20,9.67,5.60,5.40,5.40,5.47,5.00,5.60,5.20,88.50,85.00,80.00,14.40,5.40,32.00,,,,,,,,0.00,5.00,,,5.00,,,,,76.00,76.00,81.00,,,,,,,,,,,,,,,,,,,2.12282,3.07979,3.78688,2.10,3.08,3.83
M,175.10,73.80,40.25,7.90,7.40,8.50,7.93,16.10,14.40,14.00,14.83,6.70,9.00,57.70,29.00,33.50,94.90,177.10,21.50,33.80,15.00,15.00,15.50,15.17,12.00,12.00,12.00,12.00,7.50,8.00,8.00,96.00,90.50,86.00,14.60,5.60,40.00,,,,,,,,0.00,3.80,3.20,3.80,3.60,,19.80,,,79.00,82.00,94.00,77.70,34.50,25.80,27.40,9.50,6.80,32.25,4.40,4.60,4.40,3.40,3.60,3.40,2.80,,,28.00,59.00,3.46164,5.25045,1.97707,3.40,5.25,2.02
M,181.20,87.10,44.00,10.00,9.00,9.00,9.33,10.50,10.10,10.60,10.40,6.70,9.60,58.00,31.00,35.50,93.70,186.50,20.60,34.00,13.00,13.00,12.00,12.67,13.00,9.00,10.00,10.67,5.40,5.20,5.10,102.50,100.00,96.00,15.30,5.80,38.00,,,,,,,,0.00,,,,5.00,,,,,96.00,88.00,102.00,,,,,,,,,,,,,,,,,,,2.90284,4.81709,1.34241,2.86,4.82,1.39
M,172.00,79.00,39.25,9.00,8.80,9.40,9.07,15.40,15.00,15.40,15.27,7.50,10.00,55.50,32.50,35.00,90.50,172.10,21.75,29.75,16.40,18.00,17.20,17.20,10.00,9.80,9.60,9.80,4.80,5.40,5.40,99.50,95.50,91.00,15.00,5.50,39.50,,,,,,,,0.00,12.40,11.80,12.40,12.20,,20.00,,,89.00,83.00,101.00,73.00,31.00,21.50,27.00,10.00,7.50,32.00,5.00,5.00,5.00,5.40,5.40,5.40,3.40,,,26.00,60.00,3.46117,6.98556,0.92953,3.40,6.99,0.96
M,172.10,69.80,39.00,8.40,8.20,8.40,8.33,9.40,9.20,9.20,9.27,6.60,10.00,56.00,31.00,34.00,93.20,172.50,19.75,28.50,6.40,7.00,7.20,6.87,4.80,5.80,5.80,5.47,4.40,5.40,5.00,93.00,91.00,87.00,14.10,5.60,36.00,,,,,,,,0.00,8.20,8.20,7.60,8.00,,17.20,,,83.30,82.00,91.50,72.30,31.10,22.40,25.60,9.90,7.60,28.00,4.40,4.60,4.60,4.40,3.80,3.80,3.20,,,26.50,56.00,2.25464,5.53029,2.01662,2.23,5.53,2.06
M,181.90,81.80,40.50,6.00,5.60,5.80,5.80,10.00,10.00,10.00,10.00,7.20,10.00,53.00,35.00,37.00,92.90,181.10,20.00,29.00,9.40,9.40,9.60,9.47,7.80,7.00,7.20,7.33,4.90,5.00,4.00,103.50,101.50,92.00,14.00,5.90,39.00,,,,,,,,0.00,7.00,7.20,7.20,7.13,,18.20,,,84.00,80.50,96.00,78.80,33.60,25.40,26.40,9.50,7.70,30.25,5.00,5.40,5.00,4.40,4.00,4.20,3.20,,,28.70,60.50,2.11748,5.86986,2.09322,2.10,5.87,2.14
M,173.30,72.10,42.00,11.20,11.40,11.80,11.47,12.20,12.40,12.30,12.30,6.60,8.90,57.50,27.50,30.50,,,,,15.00,14.40,16.20,15.20,10.60,9.40,10.20,10.07,6.80,6.80,6.80,,,,,,37.00,,,,,,,,0.00,10.80,10.40,10.00,10.40,,20.00,,,84.00,77.00,88.00,77.30,31.90,23.60,27.40,9.60,7.20,31.25,5.60,5.20,5.40,5.40,5.00,5.60,3.00,,,26.00,59.00,3.40404,4.11732,1.89880,3.35,4.12,1.94
M,174.70,71.40,41.50,5.00,4.90,5.10,5.00,7.40,7.50,7.40,7.43,6.10,8.60,56.00,31.50,35.00,89.10,180.60,19.75,32.25,6.40,7.10,6.70,6.73,5.10,5.50,5.40,5.33,2.90,4.40,4.30,104.00,98.00,95.50,15.60,5.40,37.00,,,,,,,,0.00,6.80,6.80,6.20,6.60,,21.40,,,79.00,74.50,91.00,76.50,31.60,24.30,25.40,9.90,7.20,31.00,4.60,4.20,4.10,2.70,2.60,2.80,2.60,,,27.00,54.50,1.59582,4.35344,2.24511,1.58,4.35,2.29
M,176.50,69.50,36.75,8.00,8.40,8.20,8.20,10.00,10.00,9.80,9.93,6.60,9.20,54.00,28.00,30.00,93.60,173.60,21.75,29.25,9.00,7.00,9.60,8.53,7.90,6.20,6.40,6.83,6.90,5.80,5.80,93.00,89.00,88.50,15.10,5.50,34.00,,,,,,,,0.00,6.60,6.80,6.20,6.53,,19.20,,,85.00,79.00,92.00,74.00,31.10,24.90,25.30,8.00,7.00,30.75,5.30,5.60,5.60,3.60,3.20,3.20,2.70,,,26.20,57.00,2.39948,3.42520,2.84396,2.37,3.43,2.89
M,177.50,75.10,39.00,9.20,7.80,6.60,7.87,10.40,10.80,11.00,10.73,5.70,9.00,55.00,31.50,33.70,96.40,176.50,18.75,29.50,17.00,17.80,18.60,17.80,17.60,14.80,15.00,15.80,6.20,6.20,6.20,94.00,90.00,87.50,16.00,5.60,40.00,,,,,,,,0.00,3.40,4.80,5.80,4.67,,17.60,,,82.00,81.00,99.50,75.60,33.70,23.50,24.50,8.30,7.30,31.50,5.60,6.00,6.20,4.40,5.40,4.20,3.00,,,28.00,60.00,3.37793,4.09955,2.21613,3.32,4.10,2.26
M,185.60,75.10,40.75,9.80,9.80,9.75,9.78,9.80,9.40,9.60,9.60,6.60,9.50,57.60,30.50,33.40,96.60,184.80,18.50,28.00,15.60,14.00,14.60,14.73,5.60,7.00,7.20,6.60,5.40,5.80,5.40,92.50,88.50,86.50,14.30,5.50,37.00,,,,,,,,0.00,9.00,9.20,9.20,9.13,,19.80,,,79.00,78.00,94.00,80.80,33.60,25.80,27.60,10.50,7.00,30.25,6.00,5.80,5.80,5.00,4.80,5.20,2.80,,,27.00,57.00,2.37135,3.46404,3.62147,2.35,3.46,3.67
M,176.30,79.30,39.00,4.20,4.80,4.50,4.50,7.30,7.70,7.80,7.60,6.90,9.50,56.50,31.20,34.10,90.60,183.30,20.75,29.25,9.20,8.40,9.00,8.87,6.20,5.80,5.80,5.93,4.20,4.60,3.40,100.00,95.00,92.00,15.50,5.70,39.50,,,,,,,,0.00,4.40,4.20,4.00,4.20,,19.90,,,84.50,83.00,97.00,80.70,35.70,23.20,25.10,10.20,8.30,31.50,4.80,4.80,4.40,3.20,3.20,3.20,3.20,,,27.00,58.50,1.60854,5.65248,1.45809,1.60,5.65,1.50
M,184.30,73.40,42.25,5.40,6.20,6.40,6.00,9.60,9.20,8.80,9.20,7.00,9.40,56.00,25.00,28.00,93.70,189.00,21.00,30.00,8.00,8.20,8.00,8.07,5.20,5.20,5.20,5.20,4.70,4.90,4.60,98.00,92.00,94.00,13.90,5.70,34.00,,,,,,,,0.00,4.00,3.80,4.20,4.00,,20.30,,,84.00,85.00,92.00,82.00,34.60,26.70,27.60,10.10,7.60,31.00,5.00,4.60,5.00,3.20,2.40,2.80,2.80,,,32.00,56.00,1.78312,2.57290,3.64090,1.77,2.57,3.69
M,176.80,66.70,39.25,5.60,5.20,6.40,5.73,9.00,8.60,8.80,8.80,6.50,9.00,55.00,27.70,31.00,93.20,175.20,16.75,28.50,10.30,10.00,10.20,10.17,7.10,7.20,7.10,7.13,6.40,6.00,7.00,95.50,91.00,85.50,14.50,5.50,35.50,,,,,,,,0.00,9.00,7.80,8.40,8.40,,19.50,,,79.00,81.00,91.00,75.00,32.50,22.00,24.50,9.00,7.00,30.50,4.40,5.00,5.40,3.80,3.80,3.80,2.20,,,22.50,50.00,2.02409,3.62573,3.33181,2.01,3.63,3.38
M,181.70,75.50,41.50,6.00,5.50,5.50,5.67,7.90,7.90,7.90,7.90,7.50,9.30,59.00,33.00,35.00,96.80,184.00,21.00,28.50,8.80,8.20,8.80,8.60,5.50,5.50,5.50,5.50,5.00,5.00,5.00,99.50,93.50,87.00,16.00,5.80,37.00,,,,,,,,0.00,3.80,4.00,3.80,3.87,,,,,78.00,78.50,96.00,,,,,,,,,,,,,,,,,,,1.66447,5.08969,2.88905,1.65,5.09,2.93
M,183.60,82.00,42.50,13.20,13.40,13.80,13.47,22.20,21.80,21.60,21.87,7.10,9.40,56.40,32.40,34.60,94.90,183.50,22.25,28.75,26.20,25.20,25.60,25.67,15.20,15.40,15.40,15.33,14.20,14.00,14.40,94.00,96.50,94.50,15.10,6.10,40.50,,,,,,,,0.00,,,,0.00,,,,,,,,,,,,,,,,,,,,,,,,,,,,,,,
M,189.80,94.00,46.00,12.00,11.20,11.60,11.60,12.60,13.20,12.80,12.87,7.90,10.50,58.00,36.20,37.10,98.60,201.90,21.75,33.75,8.80,11.40,11.80,10.67,12.20,7.40,10.60,10.07,7.00,10.00,7.00,105.00,98.00,91.00,15.30,6.30,37.00,,,,,,,,0.00,,,,0.00,,,,,,,,,,,,,,,,,,,,,,,,,,,,,,,
M,183.00,75.00,41.25,10.80,9.60,9.75,10.05,10.90,10.80,10.90,10.87,6.20,8.50,55.90,26.00,35.00,91.70,188.10,21.50,29.00,7.10,5.00,8.00,6.70,6.00,7.90,5.60,6.50,3.20,3.40,3.20,95.00,93.00,87.50,13.40,5.60,38.00,106.50,41.00,41.50,28.25,11.50,11.00,11.00,11.17,5.10,5.80,6.10,5.67,8.25,18.00,19.00,80.00,72.00,76.00,95.00,81.50,34.20,24.40,56.20,10.10,7.00,32.75,4.30,4.40,4.30,3.60,3.80,3.60,2.60,2.80,2.80,23.00,54.00,2.56279,3.37287,3.18448,2.53,3.37,3.23
M,183.00,78.00,40.50,7.60,7.80,7.60,7.67,8.20,8.40,8.40,8.33,7.20,10.00,60.50,30.00,33.50,97.60,188.00,20.25,32.50,9.00,8.80,9.00,8.93,5.00,4.80,4.80,4.87,4.80,4.60,4.60,103.00,101.50,96.50,15.50,6.60,38.00,102.40,38.00,37.90,26.00,12.00,11.40,11.20,11.53,5.40,5.00,5.40,5.27,8.70,19.00,20.60,77.00,80.50,75.50,92.00,80.80,36.20,24.40,27.40,9.80,7.80,31.00,4.60,4.60,4.40,3.60,3.40,3.60,2.80,,,29.50,55.50,1.85199,4.90155,2.77191,1.84,4.90,2.82
M,185.00,117.50,40.25,19.10,17.60,21.50,19.40,19.90,23.00,18.10,20.33,7.80,11.80,60.00,37.00,41.20,92.10,197.90,26.50,38.50,22.40,21.80,24.20,22.80,18.40,20.00,18.30,18.90,14.80,12.40,12.00,118.00,123.00,114.50,15.90,6.00,47.00,102.40,36.00,42.20,31.25,30.00,36.00,34.00,33.33,12.20,20.00,20.00,17.40,9.00,22.10,20.25,110.00,112.00,106.00,115.00,85.00,38.00,26.20,29.80,10.90,8.10,35.50,9.80,10.60,10.80,4.00,4.80,9.00,4.00,,,32.50,72.00,5.34916,8.71694,0.10000,5.12,8.72,0.50
M,183.10,91.80,42.25,19.80,21.10,16.50,19.13,20.60,11.90,11.10,14.53,7.00,10.50,58.00,30.50,35.50,100.00,178.00,18.50,30.50,23.20,28.20,25.80,25.73,23.20,21.40,20.40,21.67,4.80,6.00,5.20,99.00,97.50,93.00,14.40,5.50,42.00,100.80,38.50,39.70,29.25,43.20,34.00,33.00,36.73,20.50,17.00,20.00,19.17,7.50,19.60,20.00,91.00,93.50,86.00,107.00,76.90,36.00,22.10,27.80,9.90,8.10,35.50,12.80,12.20,12.00,10.60,10.40,9.20,4.20,,,27.00,65.00,5.13574,5.59811,1.16267,4.94,5.60,1.19
M,172.00,75.00,36.00,8.10,8.40,8.60,8.37,12.00,11.90,12.00,11.97,6.40,9.60,55.00,27.50,33.10,93.00,173.50,18.50,28.25,19.00,19.00,18.80,18.93,12.60,12.20,11.80,12.20,7.40,7.60,7.40,94.00,93.50,90.00,15.60,5.80,37.00,97.40,38.60,35.60,28.00,22.00,22.00,22.40,22.13,8.00,8.20,7.80,8.00,8.40,19.00,17.50,94.00,87.00,83.00,96.00,74.00,32.20,23.00,25.30,9.80,6.60,31.75,6.00,6.00,6.00,6.80,7.00,6.80,2.80,,,27.50,57.50,3.29525,5.12244,1.27514,3.24,5.12,1.32
M,183.50,78.50,39.00,5.80,5.80,6.00,5.87,6.80,6.80,6.80,6.80,6.60,10.00,58.00,29.00,32.00,97.70,183.20,19.00,31.50,5.80,6.00,6.20,6.00,4.40,4.60,4.60,4.53,3.40,3.60,3.60,102.50,98.00,88.50,15.70,5.50,38.50,102.30,40.20,37.60,26.75,13.80,13.40,13.40,13.53,6.40,6.60,6.20,6.40,8.80,19.70,20.50,81.00,80.50,80.00,98.00,79.30,33.50,24.50,26.90,10.00,7.90,33.75,4.40,4.20,4.20,2.80,3.00,2.80,2.80,,,27.50,58.00,1.42901,4.13540,2.79068,1.42,4.14,2.84
M,188.30,88.70,42.50,6.20,5.80,5.40,5.80,8.60,8.00,8.20,8.27,7.00,10.30,59.00,33.00,37.00,99.80,187.90,20.25,33.25,6.00,6.20,6.60,6.27,5.40,5.00,5.80,5.40,2.80,3.00,3.20,110.50,105.00,99.00,14.70,5.80,38.50,106.10,39.80,38.30,31.75,8.60,8.80,8.40,8.60,6.40,5.80,6.60,6.27,8.50,20.20,21.40,84.50,88.00,84.00,101.50,80.80,36.50,20.10,28.50,10.40,7.80,35.25,5.40,5.20,4.80,3.40,3.20,3.20,3.00,,,29.00,59.20,1.63211,4.97351,2.32676,1.62,4.97,2.37
M,190.90,87.00,43.25,11.40,11.40,10.80,11.20,10.20,10.40,10.80,10.47,7.50,10.60,59.00,29.00,34.00,102.60,188.10,18.75,29.00,11.00,10.80,11.20,11.00,8.60,8.20,9.00,8.60,4.80,4.80,4.60,93.00,92.00,85.50,15.50,6.20,39.00,108.10,38.90,38.10,30.25,17.00,21.00,22.00,20.00,5.80,5.80,6.00,5.87,9.10,23.00,20.40,85.00,89.50,81.00,106.00,79.60,30.50,24.50,29.50,10.10,8.30,35.75,6.20,5.80,5.80,4.20,4.00,4.40,3.60,,,28.50,61.50,2.72961,4.66363,2.95629,2.70,4.66,3.00
M,183.10,91.10,42.50,14.00,15.00,15.00,14.67,17.00,18.00,19.00,18.00,6.90,10.00,59.50,35.20,37.00,93.60,187.90,22.75,34.00,27.20,28.20,28.70,28.03,20.10,20.90,22.70,21.23,10.20,10.10,9.80,110.50,107.00,94.00,14.90,6.10,44.00,107.00,43.00,37.00,29.25,18.80,19.20,19.00,19.00,9.60,9.40,9.20,9.40,8.30,20.40,20.50,91.00,89.00,86.50,91.50,82.40,35.00,26.10,27.90,9.90,7.30,35.00,6.60,6.80,7.00,6.00,5.80,6.20,3.80,,,29.50,62.00,5.02026,6.05696,1.21068,4.84,6.06,1.25
M,193.50,83.50,43.20,6.80,7.00,6.40,6.73,7.80,8.00,7.80,7.87,7.00,9.60,57.00,30.50,33.00,102.20,194.20,18.75,30.75,7.10,7.00,6.80,6.97,5.00,6.00,6.00,5.67,5.00,5.00,5.00,98.50,91.50,86.50,14.30,6.00,39.00,,,,,,,,0.00,5.00,4.80,4.60,4.80,,20.80,,,82.00,80.00,96.00,80.90,36.10,26.00,28.30,10.10,7.90,34.75,4.00,4.20,4.20,5.20,4.20,4.00,3.60,,,30.00,58.00,1.66033,3.20629,3.82633,1.65,3.21,3.87
M,188.50,87.50,42.50,10.10,10.20,10.50,10.27,11.20,11.30,11.10,11.20,8.10,10.00,57.50,32.00,35.10,96.00,199.10,22.00,30.10,13.80,13.20,13.20,13.40,13.60,9.40,11.60,11.53,7.20,6.80,7.00,87.50,88.20,95.00,15.70,6.20,46.50,108.00,44.30,42.30,30.25,13.30,13.20,13.00,13.17,8.10,7.10,6.00,7.07,9.20,18.20,20.50,78.50,82.50,76.00,97.50,84.60,37.90,26.80,27.60,11.50,8.00,37.50,4.90,5.70,6.20,5.70,8.10,7.60,2.30,2.80,3.10,30.00,63.00,3.03818,6.54469,2.50039,3.00,6.54,2.55
M,171.40,76.70,40.50,13.80,14.00,13.80,13.87,13.10,13.80,13.50,13.47,6.80,9.60,54.00,31.50,33.00,92.80,171.50,17.25,32.50,15.00,14.20,15.40,14.87,13.20,10.40,13.20,12.27,6.60,8.20,8.60,96.50,94.00,85.50,15.00,6.10,35.40,97.00,39.00,37.00,26.25,27.80,26.60,26.80,27.07,9.00,8.20,9.20,8.80,8.20,19.80,19.50,80.00,81.00,79.50,81.00,75.70,32.90,22.40,25.90,9.10,7.60,31.00,6.60,6.80,6.80,7.60,7.80,6.40,3.20,,,31.00,58.50,4.02170,5.15156,1.04784,3.93,5.15,1.07
M,177.60,77.00,38.00,6.00,5.40,5.90,5.77,9.00,11.00,10.90,10.30,7.00,9.70,53.50,31.00,34.00,94.40,184.50,20.25,31.25,9.80,10.00,10.40,10.07,6.20,5.60,5.60,5.80,5.50,5.50,6.80,10.20,95.50,91.50,14.70,5.70,37.50,104.80,41.90,38.10,27.20,7.60,8.00,7.40,7.67,4.80,5.20,4.80,4.93,7.50,18.30,19.40,82.50,76.50,76.50,97.00,79.50,33.80,26.20,26.60,10.10,7.10,31.00,4.60,4.60,4.40,4.40,4.40,4.20,2.40,,,31.50,61.00,2.03680,5.31175,1.97792,2.02,5.31,2.02
M,176.10,80.70,39.00,9.40,9.00,9.10,9.17,13.40,13.60,13.20,13.40,6.90,9.50,59.00,35.00,37.00,96.50,178.60,21.00,31.25,13.20,13.40,13.30,13.30,9.40,9.60,9.30,9.43,5.40,6.00,5.20,100.50,104.00,90.50,15.00,5.50,39.00,103.30,42.30,36.60,28.25,12.40,12.60,12.90,12.63,6.80,6.40,6.30,6.50,8.10,17.70,20.60,87.00,88.00,84.50,102.00,73.20,31.00,24.10,25.60,10.60,7.20,30.50,6.00,5.80,6.40,5.20,5.00,4.80,3.00,,,30.00,61.50,3.16002,6.01855,1.24950,3.11,6.02,1.29
M,177.00,70.00,40.00,6.40,6.30,6.40,6.37,7.40,7.30,7.40,7.37,7.00,9.20,57.00,29.00,34.00,95.50,176.40,17.75,27.25,7.20,6.80,6.80,6.93,4.90,5.80,5.00,5.23,2.80,2.80,3.00,92.50,89.00,86.00,14.50,5.50,36.60,99.70,38.00,30.50,23.50,7.40,7.60,7.60,7.53,4.40,4.60,4.40,4.47,8.00,20.10,18.25,80.00,79.00,75.50,90.50,75.60,33.40,22.20,25.20,10.00,6.90,30.50,3.80,4.00,3.80,3.20,3.40,3.20,2.80,,,28.00,52.00,1.71057,4.94107,2.85776,1.70,4.94,2.90
M,193.30,94.60,44.25,6.60,6.80,7.40,6.93,10.40,10.40,10.20,10.33,7.90,10.80,58.50,32.50,37.50,97.10,194.20,23.25,34.00,12.40,12.00,12.20,12.20,7.20,7.60,7.80,7.53,4.60,4.80,5.00,104.00,101.00,96.00,15.50,6.10,38.00,114.50,44.50,38.30,30.00,11.60,10.60,11.00,11.07,5.00,4.90,4.80,4.90,9.40,21.10,20.10,89.00,91.00,88.00,105.00,85.40,38.30,26.60,29.40,17.20,7.60,32.50,4.80,4.60,5.20,3.80,3.20,3.60,2.80,,,29.50,63.00,2.13925,5.40552,2.47364,2.12,5.41,2.52
M,187.00,76.20,43.00,8.50,8.70,8.80,8.67,14.00,13.00,13.50,13.50,7.00,10.00,56.00,31.50,35.50,95.40,194.80,19.50,28.25,10.00,10.20,10.40,10.20,7.20,7.20,7.20,7.20,4.40,4.40,4.60,99.50,92.00,85.50,14.60,6.00,34.50,108.30,44.10,41.10,27.50,13.80,14.20,14.00,14.00,5.80,5.40,5.60,5.60,8.50,20.50,19.90,82.00,79.00,77.50,93.00,84.80,38.80,25.40,26.80,9.80,7.60,32.00,4.80,4.80,4.50,3.80,3.80,3.60,2.40,,,28.00,58.00,2.70101,3.99434,3.70750,2.67,3.99,3.75
M,172.70,66.30,39.30,6.10,5.90,5.60,5.87,8.30,8.80,8.90,8.67,6.30,9.50,56.20,28.20,33.10,92.10,179.60,18.75,28.25,6.60,6.40,6.20,6.40,4.00,4.20,4.00,4.07,3.60,3.60,3.80,93.50,91.50,90.50,14.70,5.20,33.30,95.70,39.50,38.10,25.25,10.60,11.80,11.00,11.13,5.40,5.20,5.60,5.40,8.10,18.60,19.00,76.00,76.50,75.50,91.50,77.80,34.40,24.60,26.00,9.10,6.20,29.25,3.20,4.00,3.80,2.20,2.60,2.80,2.20,,,25.50,55.50,1.72265,4.37800,2.65433,1.71,4.38,2.70
M,174.60,69.70,39.40,7.20,6.80,6.90,6.97,8.10,8.20,8.60,8.30,6.00,8.60,55.20,27.00,32.00,93.20,172.50,17.75,28.00,8.60,8.40,8.80,8.60,7.40,7.40,6.80,7.20,5.40,6.40,5.80,91.00,86.00,83.00,14.30,5.30,37.50,96.50,38.40,37.30,25.75,12.00,12.20,12.40,12.20,5.00,5.20,5.20,5.13,7.4,18.70,18.90,79.00,78.00,77.00,93.00,76.10,34.80,22.80,26.40,9.50,7.00,28.75,4.80,4.60,4.80,3.60,3.00,3.40,2.20,,,27.00,59.00,2.14819,3.78387,2.47592,2.13,3.78,2.52
M,175.00,70.00,35.00,5.00,5.10,5.20,5.10,7.20,8.00,8.10,7.77,6.20,9.40,57.00,29.50,33.00,95.50,171.80,16.50,26.00,9.10,9.30,9.20,9.20,5.40,5.60,5.20,5.40,4.40,5.20,5.20,90.90,95.00,85.50,13.40,5.50,34.00,101.90,35.50,41.50,24.50,9.00,10.00,10.10,9.70,4.90,5.20,5.20,5.10,8.00,17.50,20.00,79.00,77.50,78.00,89.00,74.90,24.00,32.80,26.10,9.60,6.90,30.00,4.60,4.80,4.40,4.20,4.20,4.60,2.80,,,26.00,54.50,1.65296,4.04401,2.50254,1.64,4.04,2.55
M,190.00,87.50,39.00,16.40,16.20,16.00,16.20,11.00,10.20,10.20,10.47,7.40,10.10,59.00,32.00,37.00,98.80,186.90,19.50,31.00,11.40,13.00,12.80,12.40,6.00,6.20,6.60,6.27,6.40,7.00,6.80,103.00,100.00,95.00,16.30,6.00,39.00,110.10,42.60,41.40,31.20,11.60,11.80,11.40,11.60,15.20,16.00,16.00,15.73,8.90,18.60,19.70,92.00,94.00,87.00,106.00,79.80,35.90,24.70,27.10,10.00,6.80,35.25,7.00,8.00,8.20,5.20,4.80,5.00,3.20,,,32.00,65.00,3.00683,4.70648,2.74771,2.96,4.71,2.79
M,165.60,63.30,38.50,7.00,8.50,8.20,7.90,7.80,7.20,7.20,7.40,6.40,9.00,54.50,28.50,32.50,86.55,168.80,18.95,27.25,8.20,8.00,8.40,8.20,6.50,5.50,5.80,5.93,5.40,5.00,5.20,88.50,86.00,83.50,14.50,5.20,35.00,98.50,40.00,35.60,27.00,8.00,9.00,8.60,8.53,5.20,4.80,4.90,4.97,7.50,19.50,19.20,77.00,78.00,75.50,97.00,,,,,,,,,,,,,,,,,,,2.13833,5.22306,1.83610,2.12,5.22,1.88
M,179.50,88.10,42.25,22.00,24.00,22.20,22.73,13.20,14.20,13.40,13.60,7.00,9.80,59.50,34.00,35.00,94.00,187.40,23.00,28.00,22.00,22.20,21.80,22.00,12.60,12.70,12.40,12.57,7.60,8.00,7.00,103.00,98.00,90.00,15.50,5.50,40.50,94.80,41.50,39.30,28.00,5.40,5.20,5.20,5.27,4.40,5.00,5.00,4.80,8.50,18.80,20.30,92.00,95.00,88.00,102.50,,,,,,,,,,,,,,,,,,,4.68673,5.47719,1.04756,4.54,5.48,1.08
M,185.50,77.00,44.25,6.00,5.50,5.10,5.53,6.80,6.80,7.00,6.87,7.10,9.80,58.20,31.30,36.20,98.20,189.70,20.00,28.00,7.40,7.60,7.60,7.53,4.20,4.00,4.60,4.27,3.20,2.80,3.00,96.00,92.50,89.50,16.50,5.70,36.50,90.90,45.50,43.30,28.00,8.80,8.20,9.00,8.67,6.40,6.00,6.40,6.27,8.50,20.00,18.30,75.00,79.00,74.00,95.50,,,,,,,,,,,,,,,,,,,1.34681,4.65828,3.33720,1.34,4.66,3.38
M,177.00,79.80,41.75,10.00,9.20,9.20,9.47,12.00,12.80,13.20,12.67,7.40,9.20,57.50,32.50,36.50,,,,,14.00,16.40,15.00,15.13,13.00,14.40,14.00,13.80,5.60,6.00,6.40,,,,,,39.50,90.50,49.90,38.70,28.50,15.40,15.60,16.40,15.80,9.20,8.60,9.00,8.93,8.40,18.20,19.50,86.00,88.00,81.50,99.50,,,,,,,,,,,,,,,,,,,3.54156,6.09109,1.51424,3.48,6.09,1.56
M,186.10,84.00,37.00,10.20,10.00,10.80,10.33,10.10,11.20,10.10,10.47,6.20,10.00,57.00,31.00,33.50,,,,,19.20,19.40,19.80,19.47,6.40,7.00,7.60,7.00,6.80,7.80,8.20,,,,,,39.00,106.00,41.00,37.00,29.00,21.20,22.20,24.60,22.67,10.60,10.20,10.00,10.27,8.50,19.50,19.10,86.00,89.00,85.00,100.00,,,,,,,,,,,,,,,,,,,2.55404,3.66795,2.52506,2.53,3.67,2.57
M,187.00,89.00,39.00,6.40,7.20,7.00,6.87,9.80,10.20,10.20,10.07,7.20,9.80,58.00,35.00,38.00,97.50,186.80,21.50,31.50,10.40,11.00,10.00,10.47,6.00,6.00,6.10,6.03,5.20,6.00,5.20,106.00,103.00,99.00,15.30,6.10,42.50,105.50,15.00,40.00,28.00,11.40,12.20,11.40,11.67,5.00,5.20,5.20,5.13,8.50,19.50,19.70,82.00,82.00,83.00,103.00,,,,,,,,,,,,,,,,,,,2.03060,5.84515,2.07886,2.01,5.85,2.12
M,182.20,80.02,41.25,13.40,13.20,13.80,13.47,9.80,9.20,9.40,9.47,8.60,10.06,58.00,31.00,34.80,94.90,186.60,17.50,31.50,17.20,19.80,18.40,18.47,13.40,11.80,13.00,12.73,8.60,7.60,8.60,99.30,99.70,94.20,16.20,5.50,38.70,101.90,39.40,39.10,31.50,13.00,13.20,13.40,13.20,7.00,8.00,8.80,7.93,7.80,20.20,19.20,88.00,91.30,87.40,99.00,,,,,,,,,,,,,,,,,,,3.41303,6.44885,2.36995,3.36,6.45,2.42
M,182.50,74.30,41.25,12.20,13.20,12.60,12.67,14.40,13.40,12.80,13.53,6.50,9.00,57.00,30.00,32.00,94.60,181.10,19.25,27.50,22.00,24.20,23.80,23.33,16.00,17.80,17.40,17.07,8.20,8.80,8.60,94.00,91.50,86.00,15.20,5.30,35.00,106.50,44.40,40.60,27.25,18.60,19.40,19.00,19.00,7.20,7.20,6.90,7.10,7.80,18.60,19.10,81.00,83.50,79.00,94.50,,,,,,,,,,,,,,,,,,,4.12133,2.87699,3.19686,4.02,2.88,3.24
M,187.60,96.20,41.25,12.20,12.20,12.40,12.27,8.80,8.90,9.60,9.10,7.30,10.30,60.00,35.50,38.50,100.85,192.40,22.50,33.75,11.00,10.40,10.60,10.67,7.40,8.60,8.00,8.00,5.20,5.40,5.00,111.50,106.00,102.50,15.00,5.60,40.00,104.60,46.50,37.20,31.00,17.20,18.20,18.20,17.87,11.00,11.20,11.00,11.07,9.00,23.10,20.50,87.00,90.00,85.00,110.50,,,,,,,,,,,,,,,,,,,2.69145,5.64719,1.38992,2.66,5.65,1.44
M,169.40,62.80,38.25,7.20,7.00,7.00,7.07,8.20,8.40,8.20,8.27,6.50,9.30,56.00,29.60,31.30,88.50,171.40,18.00,26.00,7.40,7.20,7.00,7.20,4.80,5.00,5.20,5.00,4.20,4.00,4.20,89.00,85.00,81.00,16.00,5.30,34.00,87.10,39.90,36.80,23.00,4.20,4.00,4.20,4.13,5.00,4.80,5.20,5.00,8.50,19.00,18.60,72.50,76.00,75.00,94.00,,,,,,,,,,,,,,,,,,,1.97474,4.61988,2.61641,1.96,4.62,2.66
M,184.50,84.20,38.25,7.50,8.00,8.50,8.00,8.50,8.50,8.50,8.50,7.50,9.80,58.30,32.20,35.20,,,,,10.80,10.40,10.60,10.60,6.20,6.80,6.80,6.60,4.20,4.40,4.80,,,,,,42.00,103.50,40.10,38.30,26.00,9.60,9.40,9.20,9.40,5.40,5.60,5.20,5.40,8.60,20.60,20.50,84.50,83.50,83.00,91.00,,,,,,,,,,,,,,,,,,,2.07828,5.79756,2.23320,2.06,5.80,2.28
M,178.00,81.60,41.25,7.10,6.10,6.00,6.40,9.00,9.10,8.90,9.00,7.40,10.40,56.50,32.00,35.50,93.50,183.70,17.50,29.25,9.00,9.80,9.20,9.33,6.00,6.00,6.00,6.00,3.60,3.80,4.00,93.00,93.50,92.00,15.30,6.20,38.00,101.50,37.50,37.50,24.50,7.40,8.60,9.40,8.47,6.40,7.40,8.00,7.27,9.00,20.40,19.20,88.00,84.00,89.00,87.50,,,,,,,,,,,,,,,,,,,1.97786,6.33623,1.46008,1.96,6.34,1.50
M,172.00,79.50,40.25,7.30,7.20,7.30,7.27,8.20,8.40,8.30,8.30,7.20,9.30,57.50,31.30,34.30,91.70,175.40,20.00,31.25,8.80,9.40,9.60,9.27,7.60,9.00,9.20,8.60,3.80,3.80,4.60,102.90,101.10,96.40,15.70,6.10,39.10,97.40,35.00,34.50,29.75,9.60,8.40,9.00,9.00,4.50,4.20,4.00,4.23,8.80,17.40,18.70,86.00,87.00,84.00,98.00,,,,,,,,,,,,,,,,,,,2.38220,6.27362,0.89054,2.36,6.27,0.92
M,175.50,72.00,41.50,7.00,7.40,7.10,7.17,7.90,7.40,7.70,7.67,7.50,9.50,57.50,28.20,31.70,92.80,186.20,19.25,28.25,6.80,7.60,8.20,7.53,4.80,5.80,5.40,5.33,4.60,4.00,4.00,100.20,97.40,89.60,14.90,6.60,35.60,,,,,4.80,5.20,5.20,5.07,,,,0.00,,,,81.00,76.00,91.00,,,,,,,,,,,,,,,,,,,,1.87009,5.21040,2.30000,1.85,5.21,2.34
M,187.00,82.30,42.00,8.40,8.40,8.20,8.33,9.60,9.20,8.60,9.13,7.20,9.60,59.60,29.00,34.20,94.40,191.20,20.25,29.00,8.40,7.60,8.60,8.20,6.20,6.60,6.20,6.33,4.80,4.80,5.00,93.40,92.30,90.70,14.25,5.70,39.20,115.30,46.40,40.40,26.50,9.80,10.40,10.20,10.13,5.80,6.40,6.60,6.27,8.60,21.00,21.10,83.00,83.50,83.30,99.50,,,,,,,,,,,,,,,,,,,2.11871,4.43344,2.88923,2.10,4.43,2.94
M,182.50,87.50,40.00,17.50,18.20,17.90,17.87,19.50,19.80,19.70,19.67,7.60,9.50,56.50,33.00,35.50,94.50,186.90,22.00,30.00,24.00,22.80,22.80,23.20,18.00,15.60,15.00,16.20,7.20,7.20,7.40,100.00,98.00,95.00,13.80,6.00,41.00,107.20,37.50,39.50,28.00,24.20,27.00,26.00,25.73,15.00,14.80,14.60,14.80,9.40,19.00,19.90,91.00,91.50,88.00,110.00,,,,,,,,,,,,,,,,,,,5.02162,5.52356,1.51109,4.84,5.52,1.56
M,179.40,80.50,39.50,9.00,7.20,8.80,8.33,11.60,11.00,11.40,11.33,6.70,10.00,57.50,30.00,34.00,94.20,178.10,21.25,28.50,10.80,11.80,10.40,11.00,9.00,8.60,9.20,8.93,6.40,6.80,6.60,100.00,96.00,87.50,14.10,5.70,40.50,105.50,43.50,41.40,25.25,7.80,7.20,8.20,7.73,5.20,4.80,6.40,5.47,8.00,19.60,19.40,78.50,83.00,76.00,96.50,,,,,,,,,,,,,,,,,,,2.74477,5.42502,1.83363,2.71,5.43,1.88
M,169.80,74.00,39.00,14.00,14.20,14.00,14.07,10.60,10.40,10.60,10.53,6.50,9.10,56.10,31.80,35.80,89.90,170.50,20.00,30.00,16.20,15.40,15.40,15.67,14.40,13.80,15.00,14.40,10.60,9.80,10.20,96.20,95.20,91.20,14.50,5.60,35.00,92.80,39.60,35.90,24.25,23.00,25.20,24.80,24.33,18.80,18.80,19.80,19.13,8.20,17.20,19.00,87.50,88.50,85.50,98.00,,,,,,,,,,,,,,,,,,,3.99805,5.09519,1.09584,3.91,5.10,1.12
M,167.50,76.00,43.00,8.60,8.20,8.20,8.33,8.80,8.80,8.40,8.67,6.30,9.70,54.60,31.00,33.90,85.60,171.70,20.25,31.00,16.60,16.00,16.00,16.20,9.60,9.00,8.60,9.07,4.60,4.60,4.60,95.00,96.50,96.50,13.80,5.50,39.00,95.00,40.80,38.80,29.25,10.20,11.40,11.00,10.87,6.60,6.60,6.60,6.60,8.00,17.00,18.60,88.00,88.00,87.00,98.00,,,,,,,,,,,,,,,,,,,2.67403,6.18193,0.67872,2.64,6.18,0.71
M,180.50,92.50,44.00,18.00,17.20,17.40,17.53,11.20,11.80,10.60,11.20,6.40,9.60,59.00,35.00,37.00,90.80,185.00,25.25,31.25,32.80,34.00,33.00,33.27,14.40,13.00,14.00,13.80,7.20,7.60,8.00,98.00,99.00,99.00,15.00,5.90,41.50,101.70,43.40,40.50,29.25,17.40,17.00,17.00,17.13,14.00,13.60,14.20,13.93,8.80,18.00,19.30,94.50,101.00,91.50,113.00,,,,,,,,,,,,,,,,,,,4.09697,5.19896,0.84896,4.00,5.20,0.88
M,174.60,73.40,34.00,6.40,6.20,6.40,6.33,7.60,8.00,8.00,7.87,6.80,9.40,60.00,29.50,32.70,89.50,178.50,19.75,27.50,9.80,10.20,10.40,10.13,6.00,6.20,6.40,6.20,5.20,5.20,5.00,93.40,92.00,87.00,15.10,5.90,40.00,97.50,42.60,36.30,27.20,8.40,9.00,9.00,8.80,4.80,4.60,5.00,4.80,8.60,19.00,19.20,82.00,79.50,78.00,94.00,,,,,,,,,,,,,,,,,,,1.90906,5.50251,1.94507,1.89,5.50,1.99
_,173.60,82.50,38.00,19.00,22.00,22.20,21.07,15.50,17.00,15.50,16.00,6.40,9.80,54.00,31.50,33.50,95.20,174.20,17.40,28.00,17.80,17.40,17.20,17.47,17.20,17.80,15.80,16.93,,,,97.10,98.00,79.80,13.40,5.20,39.10,93.30,43.20,38.30,29.00,30.20,32.40,31.80,31.47,24.40,25.20,24.20,24.60,7.80,17.90,18.40,85.50,93.60,78.10,111.10,,,,,,,,,,,,,,,,,,,5.26499,4.94032,0.83344,5.05,4.94,0.86
_,168.50,59.30,36.50,17.60,17.60,18.00,17.73,9.80,10.00,10.20,10.00,5.70,8.10,53.00,22.00,23.20,88.50,168.70,14.50,24.00,9.00,8.40,8.20,8.53,6.80,6.20,6.40,6.47,,,,80.00,84.80,75.10,14.20,5.00,31.20,,,,,,,,0.00,9.20,10.20,9.20,9.53,,,,,,,,,,,,,,,,,,,,,,,,,,3.54009,1.08324,3.04953,3.48,1.08,3.09
_,165.80,54.30,35.50,16.20,15.40,16.20,15.93,13.20,12.40,12.60,12.73,5.20,8.20,52.70,25.20,27.80,86.70,164.40,17.25,25.50,10.40,10.20,10.00,10.20,8.40,9.20,8.00,8.53,,,,85.00,85.20,74.50,14.50,4.80,30.90,94.80,49.30,26.10,22.75,22.00,20.00,20.20,20.73,8.60,8.20,8.20,8.33,7.20,17.30,17.50,76.00,83.80,68.20,95.70,,,,,,,,,,,,,,,,,,,3.90764,1.93770,3.47007,3.82,1.94,3.51
_,169.30,70.00,40.25,14.00,14.40,13.80,14.07,8.60,8.20,8.00,8.27,6.20,8.80,54.80,30.20,34.50,89.00,169.30,19.90,27.50,11.00,11.20,11.20,11.13,6.00,6.20,6.20,6.13,,,,92.80,94.90,83.00,15.00,5.10,35.50,92.10,37.90,34.10,27.25,19.20,20.40,19.60,19.73,9.60,9.20,9.60,9.47,7.60,17.80,18.50,78.50,83.00,74.50,101.00,,,,,,,,,,,,,,,,,,,2.91016,4.71461,1.49013,2.87,4.71,1.53
_,168.50,62.20,37.25,12.20,12.20,12.00,12.13,7.50,7.50,7.40,7.47,6.00,8.90,53.80,26.00,28.10,89.50,168.10,16.75,24.75,9.60,9.80,10.00,9.80,4.80,4.20,4.40,4.47,,,,84.00,82.50,72.50,14.30,5.10,35.50,96.40,43.80,34.30,29.25,27.80,21.20,20.20,23.07,10.20,10.00,10.00,10.07,7.70,17.40,17.70,73.00,84.50,70.50,101.00,72.80,31.80,23.60,24.00,9.40,7.00,28.25,5.20,5.20,5.40,5.20,5.00,5.20,2.40,,,25.00,58.00,2.42742,3.53152,2.55012,2.40,3.53,2.59
_,159.90,56.10,37.75,14.40,16.80,15.90,15.70,9.80,9.40,9.60,9.60,5.50,8.90,53.90,27.80,30.00,85.90,156.20,14.50,26.20,21.00,21.40,21.20,21.20,9.80,10.20,0.20,6.73,,,,85.20,87.00,73.90,14.70,4.80,32.90,87.40,41.30,35.30,24.75,22.20,20.20,22.00,21.47,15.60,15.40,15.20,15.40,7.20,16.70,18.00,75.80,81.60,72.60,94.60,,,,,,,,,,,,,,,,,,,3.49339,4.01480,1.99538,3.43,4.01,2.04
_,177.00,66.00,38.00,12.40,11.40,11.40,11.73,8.80,8.20,8.20,8.40,6.60,8.90,53.10,24.30,27.10,91.30,172.40,19.75,27.25,8.80,9.40,9.60,9.27,5.60,5.40,5.60,5.53,,,,88.70,92.00,79.10,14.00,4.90,36.20,107.10,39.20,36.60,25.75,22.80,19.80,18.60,20.40,10.40,10.20,9.60,10.07,7.70,17.80,18.10,74.00,79.90,73.10,95.00,,,,,,,,,,,,,,,,,,,2.46873,2.86504,3.48046,2.44,2.87,3.53
_,165.50,66.10,36.50,14.80,14.60,14.80,14.73,7.60,8.00,7.80,7.80,6.40,9.00,56.60,28.20,31.10,86.40,165.10,17.00,26.00,6.80,6.80,6.60,6.73,5.80,5.20,5.00,5.33,,,,96.50,98.00,78.50,14.30,5.10,41.10,95.50,45.60,36.50,21.00,14.60,16.40,16.00,15.67,10.60,11.00,10.40,10.67,8.00,17.60,18.10,76.50,79.90,67.50,94.30,,,,,,,,,,,,,,,,,,,2.91344,5.73488,1.38231,2.88,5.73,1.42
_,167.00,60.00,35.00,27.80,27.80,27.80,27.80,10.40,14.60,14.80,13.27,6.40,9.10,55.00,28.50,30.20,89.00,165.50,18.00,25.00,20.00,20.00,20.10,20.03,20.00,20.50,21.00,20.50,,,,86.00,89.50,85.50,14.00,50.00,38.00,96.00,,,25.00,29.60,29.40,29.20,29.40,18.80,18.70,18.80,18.77,7.60,17.40,19.40,76.00,79.00,69.00,99.00,71.50,29.80,23.60,23.20,10.30,6.60,30.00,10.20,10.30,10.20,15.20,15.10,15.10,3.60,,,26.00,58.00,6.05461,4.55406,2.64558,5.70,4.55,2.69
_,170.00,56.20,38.00,11.60,11.10,11.20,11.30,14.00,14.20,14.10,14.10,6.00,9.00,58.00,27.00,28.00,88.00,170.00,17.00,25.00,15.20,15.30,16.00,15.50,8.00,8.00,8.00,8.00,,,,84.50,88.00,77.00,14.50,5.00,35.00,100.20,39.60,34.00,24.50,17.00,16.80,16.80,16.87,9.20,9.10,9.00,9.10,7.50,18.50,19.6,70.00,77.00,66.00,90.50,72.00,32.00,23.50,24.00,9.00,6.20,26.00,8.00,7.20,7.40,7.50,7.60,7.20,2.20,,,23.50,53.00,3.42541,3.32705,3.90737,3.37,3.33,3.95
_,166.10,55.30,30.00,14.20,17.20,15.20,15.53,11.00,10.40,9.40,10.27,5.30,9.00,54.00,26.50,27.00,88.60,162.40,16.25,23.00,24.00,12.00,18.00,18.00,12.20,11.00,10.00,11.07,,,,83.00,80.00,65.00,14.00,4.60,30.00,97.70,47.00,35.50,23.00,20.00,21.00,22.00,21.00,19.00,18.00,17.00,18.00,6.70,16.20,17.00,75.00,83.50,64.00,96.60,71.10,32.40,38.50,21.70,9.00,6.20,28.50,8.60,8.00,8.20,6.80,7.00,6.40,3.00,,,22.00,51.00,3.86815,2.02153,3.33334,3.79,2.02,3.38
_,164.00,65.10,35.50,14.20,15.20,18.00,15.80,17.20,18.40,15.40,17.00,5.40,9.00,56.00,27.50,29.00,88.60,166.20,17.50,23.50,15.20,16.00,17.00,16.07,11.00,13.20,12.00,12.07,,,,86.50,80.00,68.00,14.10,5.00,33.50,93.50,45.00,35.00,16.15,23.00,24.50,25.50,24.33,19.00,21.20,22.00,20.73,7.50,17.60,18.00,72.00,91.00,68.00,97.00,70.10,31.10,41.10,24.00,9.10,5.90,31.50,8.60,8.40,8.00,8.80,10.40,10.80,3.60,,,24.00,60.80,4.70491,3.27290,1.26200,4.56,3.27,1.30
_,163.40,56.50,34.50,17.80,18.00,16.80,17.53,13.20,13.40,13.80,13.47,6.00,8.40,52.00,27.50,29.50,86.70,160.60,18.00,25.25,20.00,19.80,19.80,19.87,14.40,14.20,14.00,14.20,,,,84.50,86.00,74.00,14.60,5.20,33.50,93.90,36.70,34.50,26.00,28.20,28.80,28.80,28.60,15.00,15.00,14.80,14.93,7.50,19.00,17.70,73.00,77.50,67.00,91.00,70.40,28.80,24.00,24.40,8.10,6.20,29.75,10.40,10.20,10.40,7.60,7.60,7.40,2.40,,,23.50,56.50,4.75155,3.66056,2.59073,4.60,3.66,2.63
_,170.10,52.50,33.25,12.00,14.80,13.80,13.53,8.20,8.60,8.60,8.47,5.90,8.20,52.50,24.00,26.50,90.20,166.20,15.00,23.75,9.80,9.60,9.80,9.73,5.60,5.40,5.40,5.47,,,,77.50,79.00,71.00,14.20,4.70,33.00,96.70,39.10,36.60,26.00,21.20,22.00,21.40,21.53,13.00,13.20,13.20,13.13,7.30,18.00,17.80,70.50,79.50,65.00,90.00,73.40,32.70,21.20,25.00,8.20,6.50,30.00,7.20,7.60,7.40,5.80,5.40,5.60,2.60,,,22.50,53.00,2.78502,2.03654,4.67286,2.75,2.04,4.72
_,173.00,67.00,38.25,10.20,9.20,9.00,9.47,10.20,10.20,10.40,10.27,6.00,9.00,54.00,28.50,39.00,91.00,170.00,16.50,25.00,9.00,8.40,8.00,8.47,6.40,7.20,7.20,6.93,,,,85.00,83.00,72.00,14.10,5.50,37.00,97.00,39.00,37.30,27.00,15.60,14.40,14.00,14.67,7.20,6.20,6.60,6.67,7.80,17.70,18.50,70.00,68.00,83.00,99.50,72.50,31.00,23.90,24.80,10.60,7.30,32.25,4.40,4.20,4.10,4.30,3.50,3.20,1.80,,,25.00,59.50,2.64578,5.39757,2.59924,2.61,5.40,2.64
_,166.00,60.00,37.00,14.00,15.10,16.00,15.03,7.30,7.00,6.80,7.03,5.30,7.60,56.00,26.50,27.50,135.00,163.00,16.75,24.75,15.80,15.40,14.80,15.33,9.80,11.00,10.80,10.53,,,,82.50,90.50,77.50,14.00,4.70,34.50,92.20,41.00,33.30,23.25,23.00,25.10,23.40,23.83,19.30,18.20,19.00,18.83,7.40,17.70,18.50,66.50,73.50,62.50,90.50,69.60,29.10,21.30,25.00,21.10,6.40,29.25,6.20,6.40,6.20,6.00,6.40,6.30,2.20,,,21.30,57.50,3.42283,2.00777,2.45860,3.37,2.01,2.50
_,174.50,68.70,37.00,18.30,17.00,19.30,18.20,11.00,11.20,12.00,11.40,6.50,9.10,55.00,28.00,29.50,139.00,172.00,17.70,27.00,23.00,24.00,20.00,22.33,19.00,16.40,21.00,18.80,,,,86.50,88.50,77.00,13.50,5.10,40.50,95.10,48.00,34.00,27.50,24.30,20.30,24.00,22.87,24.00,23.00,20.00,22.33,7.20,18.30,18.00,81.50,92.50,78.50,113.50,76.60,35.40,23.70,26.10,9.60,7.10,34.25,10.22,9.20,9.00,14.10,10.20,13.10,2.40,,,23.00,62.50,4.76296,4.05142,2.60800,4.61,4.05,2.65
_,167.50,71.40,36.50,20.80,20.20,20.20,20.40,14.00,14.10,14.10,14.07,6.20,9.10,57.00,30.00,31.50,74.50,169.00,16.25,27.00,18.00,18.20,18.40,18.20,23.00,25.00,25.00,24.33,,,,91.00,93.00,83.00,15.00,5.30,37.00,95.50,40.90,35.80,26.00,24.20,24.40,24.60,24.40,17.20,17.40,17.20,17.27,7.50,17.70,19.00,80.00,96.00,76.00,104.00,74.30,32.10,21.30,23.50,9.70,6.50,31.00,7.80,7.60,7.90,8.00,8.10,8.20,2.50,,,25.00,61.50,5.82179,4.56363,1.06375,5.52,4.56,1.09
_,177.70,72.20,38.20,23.20,23.40,23.40,23.33,14.20,14.40,14.20,14.27,6.20,8.00,57.00,30.00,32.50,94.60,173.50,16.75,24.00,20.60,20.80,21.00,20.80,14.80,14.60,15.00,14.80,,,,90.00,94.00,75.00,15.20,5.30,37.00,99.80,43.80,37.00,25.00,35.20,35.00,35.20,35.13,16.20,16.40,16.20,16.27,8.00,18.70,19.00,86.00,96.00,78.00,108.50,75.20,33.30,21.60,25.30,8.90,6.10,31.75,9.20,9.00,8.80,7.40,7.00,7.00,3.20,,,26.80,60.00,5.02777,2.71534,2.65821,4.85,2.72,2.70
_,162.00,52.00,33.50,13.20,14.00,13.80,13.67,8.20,9.00,8.60,8.60,5.00,8.00,53.00,26.00,28.00,87.50,152.50,17.75,23.25,10.20,10.20,9.80,10.07,5.00,5.80,6.00,5.60,,,,78.00,80.50,72.00,14.50,5.00,31.00,87.90,36.50,32.00,24.75,18.40,17.40,18.20,18.00,6.40,5.60,7.80,6.60,6.90,15.90,18.10,65.00,73.50,64.00,88.00,64.80,28.50,10.50,22.30,8.70,6.10,28.50,5.40,6.50,6.20,4.40,5.00,4.40,2.40,,,22.50,52.50,2.98219,2.26774,3.19057,2.94,2.27,3.23
_,164.30,55.00,35.25,19.00,18.80,19.00,18.93,7.80,6.40,6.80,7.00,5.50,8.30,50.00,30.00,32.00,89.10,162.30,16.25,23.75,12.00,11.00,10.80,11.27,4.20,4.20,4.80,4.40,,,,85.00,83.50,69.00,13.60,4.80,35.00,91.60,35.40,33.30,24.50,24.00,23.80,25.00,24.27,9.00,9.40,9.20,9.20,7.00,17.00,17.90,65.50,76.00,62.50,91.00,69.20,29.90,22.00,22.00,8.30,6.30,29.25,4.80,4.80,4.40,5.20,5.80,5.20,2.40,,,23.00,56.00,3.21247,3.83099,3.04480,3.16,3.83,3.09
_,170.00,61.50,38.50,12.00,12.00,11.80,11.93,9.00,8.50,9.20,8.90,6.20,8.00,55.00,25.00,28.50,85.50,174.00,15.25,24.00,8.20,8.80,8.60,8.53,7.60,7.40,7.60,7.53,,,,86.00,83.60,72.60,14.00,5.80,33.00,99.70,39.00,35.80,26.25,18.00,16.40,18.00,17.47,5.20,7.40,6.80,6.47,7.80,18.70,18.60,78.60,83.70,70.50,100.20,77.20,34.10,22.50,25.90,9.70,6.30,31.25,5.00,5.40,5.00,4.80,4.80,5.00,2.80,,,24.30,60.00,2.88515,2.70014,2.94596,2.85,2.70,2.99
_,177.60,71.70,39.00,20.40,20.90,19.40,20.23,7.60,8.00,8.60,8.07,6.30,10.00,60.00,31.50,33.00,93.50,181.00,17.00,26.00,6.20,6.20,6.40,6.27,5.20,5.20,5.20,5.20,,,,87.70,91.00,78.50,15.00,5.40,38.30,101.60,38.40,37.80,27.00,23.40,25.20,26.80,25.13,19.40,15.20,20.00,18.20,8.00,21.50,20.00,74.00,79.10,71.80,100.20,77.00,31.10,22.40,27.30,9.30,7.20,32.75,6.80,7.60,7.20,4.80,4.80,4.80,2.80,,,27.00,59.50,3.28517,4.34675,2.71303,3.23,4.35,2.76
_,181.00,82.00,38.25,19.80,18.00,18.10,18.63,15.70,16.20,15.60,15.83,6.40,9.20,55.00,28.00,29.50,94.50,174.20,17.25,27.50,14.80,15.20,15.00,15.00,20.40,21.00,21.20,20.87,,,,90.00,93.00,74.00,13.50,5.00,36.00,105.80,38.90,44.00,33.75,46.00,47.00,49.00,47.33,22.20,21.30,23.40,22.30,7.00,17.90,18.00,78.90,92.70,72.20,119.50,,,,,,,,,,,,,,,,,,,5.18705,2.44212,1.91662,4.98,2.44,1.96
_,160.50,57.00,35.75,9.40,11.20,10.50,10.37,8.40,8.70,9.40,8.83,5.40,8.90,54.70,23.50,25.60,85.60,165.30,15.50,26.25,10.80,11.90,13.90,12.20,11.00,9.80,10.10,10.30,,,,83.00,83.50,75.00,13.20,4.80,32.50,90.00,37.40,33.10,25.00,19.20,18.20,19.00,18.80,9.20,8.80,8.40,8.80,6.80,18.50,18.00,77.00,79.50,69.00,87.00,,,,,,,,,,,,,,,,,,,3.19795,3.16526,1.94773,3.15,3.17,1.99
_,169.10,74.70,38.75,24.20,24.00,24.50,24.23,14,16.00,16.40,15.47,5.60,9.10,58.00,32.20,33.20,88.50,166.10,19.25,27.25,22.00,22.30,25.70,23.33,34.80,34.20,34.40,34.47,,,,95.10,93.50,76.80,14.10,5.10,37.80,87.20,42.50,35.80,24.25,37.10,34.30,36.30,35.90,21.20,21.30,21.40,21.30,7.50,18.20,19.10,87.80,92.20,76.10,103.10,74.50,31.80,24.20,25.10,10.10,7.00,30.50,9.20,8.80,8.60,7.40,7.80,9.80,2.40,,,25.40,64.30,6.90610,4.15074,0.96021,6.32,4.15,0.99
_,162.20,63.50,37.00,17.60,18.20,19.80,18.53,12.20,13.20,13.20,12.87,5.30,8.10,54.50,29.10,30.50,87.90,160.70,16.25,26.25,21.60,22.10,21.70,21.80,34.10,33.00,33.20,33.43,,,,88.20,82.20,72.10,14.10,4.70,35.80,85.30,35.40,33.60,23.75,31.50,33.10,32.80,32.47,21.40,17.80,19.90,19.70,7.10,16.60,17.20,80.30,87.10,73.80,99.10,66.60,27.80,22.50,21.40,8.20,5.70,30.25,8.40,7.40,7.20,6.80,6.20,6.00,3.20,,,23.40,59.30,6.44589,3.49956,1.19380,6.00,3.50,1.22
_,178.00,67.00,36.50,10.30,10.00,11.2,10.50,10.80,10.60,10.70,10.70,5.50,8.50,58.50,28.00,30.00,91.50,176.00,17.50,23.25,14.70,14.00,14.10,14.27,8.00,7.90,7.70,7.87,,,,82.00,88.00,78.00,13.00,5.00,34.00,106.00,40.40,40.50,32.00,23.50,24.00,24.80,24.10,17.00,17.20,16.90,17.03,7.10,17.40,19.30,68.80,77.20,65.20,97.20,72.50,32.00,23.50,24.50,9.00,6.30,31.00,5.50,4.80,5.00,5.00,4.80,4.60,2.80,3.20,,24.00,58.50,2.81934,1.65191,3.50038,2.78,1.65,3.55
_,175.50,70.00,38.00,12.00,12.00,12.00,12.00,10.00,9.80,9.00,9.60,6.30,8.50,56.00,25.00,27.50,95.70,176.80,19.00,25.50,16.00,16.40,16.80,16.40,10.00,8.80,8.60,9.13,,,,94.50,97.00,84.50,15.00,5.50,39.50,104.40,35.70,41.60,29.25,18.20,20.00,19.40,19.20,13.60,14.00,14.20,13.93,7.30,19.00,17.90,76.00,82.70,72.50,97.00,74.60,32.00,23.10,25.50,9.00,6.50,31.00,6.40,6.00,6.00,6.80,6.80,6.80,2.80,,,27.00,61.50,3.03879,3.10302,2.59134,3.00,3.10,2.64
_,163.50,54.40,34.25,13.20,13.40,13.40,13.33,10.40,10.50,10.40,10.43,5.20,8.60,56.00,25.00,27.00,86.40,159.00,18.25,23.50,12.60,11.50,11.50,11.87,5.20,6.00,5.30,5.50,,,,81.50,82.00,73.00,14.40,5.00,32.50,92.00,34.30,31.50,23.00,27.20,23.10,24.30,24.87,11.80,14.50,13.70,13.33,7.40,16.70,18.00,71.00,76.00,66.50,88.50,72.00,32.00,21.00,24.30,8.30,6.10,31.75,6.20,6.00,,5.00,5.80,6.40,3.00,,,22.00,53.20,3.10971,2.55498,3.00609,3.07,2.55,3.05
_,167.00,55.00,34.25,10.30,10.50,10.20,10.33,7.00,7.30,7.00,7.10,5.30,8.10,56.00,25.00,28.00,89.40,164.00,16.75,24.25,8.40,9.60,10.00,9.33,6.00,6.10,6.10,6.07,,,,80.00,82.00,70.00,13.90,5.00,34.00,94.50,33.80,33.80,23.25,25.20,24.20,25.50,24.97,13.00,12.80,12.00,12.60,7.20,16.80,18.00,69.00,75.50,65.00,92.00,72.00,32.00,21.00,24.30,8.30,6.10,31.75,6.20,6.00,6.00,5.00,5.80,6.40,3.00,,,22.00,53.20,2.38583,2.37943,3.56450,2.36,2.38,3.61
_,174.40,60.60,37.75,9.70,9.50,8.30,9.17,5.30,6.00,5.80,5.70,6.40,8.50,54.20,27.60,28.50,89.10,82.50,15.00,25.75,6.60,6.00,6.20,6.27,5.20,5.20,5.20,5.20,,,,82.00,82.10,75.80,14.20,5.00,34.80,98.90,41.20,39.60,26.50,13.20,13.60,13.30,13.37,6.10,6.10,5.90,6.03,7.10,18.80,18.40,74.60,76.70,68.50,90.20,,,,,,,,,,,,,,,,,,,1.87319,2.94462,3.92125,1.86,2.94,3.97
_,170.00,68.80,36.75,15.00,16.60,14.80,15.47,11.80,11.60,11.40,11.60,6.00,10.50,56.50,27.40,29.40,88.70,168.60,18.50,25.50,14.10,14.40,13.90,14.13,8.30,10.00,9.80,9.37,,,,87.50,90.00,73.00,14.30,5.30,38.20,96.20,42.50,39.70,27.25,35.00,37.10,38.20,36.77,17.20,16.20,14.10,15.83,7.80,18.10,19.00,73.80,83.80,71.30,100.00,72.80,31.50,22.60,24.60,9.00,7.00,20.00,7.00,6.80,6.80,6.20,6.00,5.80,2.60,,,25.00,61.00,3.73793,4.82020,1.78900,3.66,4.82,1.83
_,172.00,68.00,37.50,18.40,20.20,19.00,19.20,18.00,17.40,16.80,17.40,5.95,9.10,55.50,29.00,31.50,89.80,170.20,18.75,26.25,16.00,15.40,16.80,16.07,10.20,10.80,11.00,10.67,,,,85.80,84.20,73.30,14.00,5.30,36.80,96.30,41.70,38.10,25.50,41.10,41.80,39.00,40.63,14.20,14.40,16.20,14.93,7.90,18.30,18.70,73.50,84.30,72.00,98.00,72.30,32.30,22.90,25.80,10.00,6.70,32.50,8.20,8.60,9.80,5.40,5.40,5.40,2.20,,,25.00,62.00,4.72388,3.78766,2.26631,4.57,3.79,2.31
_,164.60,55.50,33.50,8.70,8.90,9.00,8.87,6.50,7.00,7.00,6.83,6.10,8.50,55.00,23.00,23.30,87.30,157.00,18.25,23.50,11.50,12.10,11.50,11.70,5.00,5.70,5.30,5.33,,,,80.50,81.50,72.00,14.20,5.10,34.50,95.50,35.40,36.20,23.25,25.30,24.70,24.90,24.97,11.20,11.70,11.50,11.47,7.30,16.50,18.20,70.00,74.00,63.50,88.50,,,,,,,,,,,,,,,,,,,2.12961,2.86317,3.00711,2.11,2.86,3.05
_,166.50,52.00,34.00,8.60,8.20,8.40,8.40,8.80,9.00,8.20,8.67,5.50,7.50,51.50,23.00,25.50,99.40,159.07,15.00,23.00,9.06,8.06,9.02,8.71,7.00,7.00,7.00,7.00,,,,80.55,83.00,70.50,12.02,5.00,31.50,93.00,40.00,36.50,24.00,20.20,19.40,19.20,19.60,11.00,10.80,10.80,10.87,7.00,18.00,16.30,67.00,73.50,62.00,89.00,69.70,30.00,21.70,22.30,8.00,6.00,29.00,4.20,4.20,4.20,4.20,4.20,4.20,2.20,,,21.50,50.00,2.46082,1.44757,4.07308,2.43,1.45,4.12
_,160.00,52.50,34.75,18.00,18.20,19.00,18.40,12.90,15.80,16.00,14.90,5.50,8.40,53.50,26.00,28.70,87.30,154.10,14.75,23.00,16.00,14.80,16.00,15.60,13.20,14.40,16.40,14.67,,,,79.40,83.20,68.50,13.90,4.90,34.10,86.80,36.80,34.90,26.00,43.00,36.00,36.00,38.33,16.10,15.30,16.00,15.80,7.00,17.20,17.80,73.20,79.30,67.00,90.60,65.40,28.00,20.60,20.10,8.60,6.10,30.50,9.40,9.00,10.40,10.80,12.00,12.40,2.80,,,24.00,55.80,5.10084,3.59280,2.69841,4.91,3.59,2.74
_,171.10,52.70,35.50,7.90,8.00,8.00,7.97,7.00,7.60,8.60,7.73,5.50,8.30,56.30,21.50,24.00,91.80,168.40,18.00,23.25,5.20,5.60,5.60,5.47,5.00,5.40,5.00,5.13,,,,78.50,79.00,71.00,14.50,5.00,32.00,92.90,38.40,37.10,23.50,9.00,9.40,9.20,9.20,4.60,4.60,4.80,4.67,7.50,7.70,18.40,65.00,70.00,60.00,87.00,72.30,30.50,22.20,25.40,10.00,6.80,29.50,4.20,4.40,4.40,3.80,4.00,3.80,2.00,,,22.30,51.00,2.00855,1.23217,4.82598,1.99,1.23,4.87
_,159.40,50.90,32.75,14.00,14.20,13.50,13.90,9.60,9.50,9.80,9.63,5.40,8.40,54.50,26.40,30.50,84.50,158.60,16.00,20.90,13.00,12.00,13.00,12.67,7.00,7.20,7.00,7.07,,,,79.90,77.20,71.60,14.40,5.00,32.00,89.60,39.90,33.40,23.75,24.20,23.50,24.30,24.00,5.30,5.40,5.20,5.30,7.10,16.30,16.00,64.10,73.00,63.00,85.90,69.70,31.10,21.60,23.00,8.50,5.80,29.25,7.20,7.00,7.20,5.40,5.60,5.20,2.60,2.60,2.80,21.80,59.50,3.34519,3.83955,2.90426,3.29,3.84,2.95
_,176.20,79.00,40.25,26.10,25.00,27.00,26.03,12.50,14.50,13.80,13.60,6.50,9.70,55.60,33.60,34.40,96.10,172.60,17.25,27.00,22.40,24.80,22.80,23.33,17.20,18.60,16.80,17.53,,,,88.80,91.10,82.70,14.60,5.40,39.40,97.70,28.50,36.20,28.25,35.30,36.30,31.90,34.50,14.00,12.20,14.40,13.53,8.00,19.80,19.60,81.20,66.90,75.50,113.80,75.20,32.70,21.30,26.10,10.30,7.10,35.50,9.60,9.40,9.20,9.20,9.60,9.60,2.60,,,27.00,68.50,5.45539,4.92790,1.47901,5.21,4.93,1.52
_,166.00,54.65,34.50,11.60,11.60,11.20,11.47,7.80,7.60,7.80,7.73,5.90,8.50,54.30,24.40,25.50,87.20,168.10,15.00,23.00,10.20,12.20,11.80,11.40,9.60,8.60,8.60,8.93,,,,77.00,76.50,76.00,14.00,5.10,34.00,97.30,35.00,35.10,22.00,24.60,25.20,24.60,24.80,9.20,9.00,9.60,9.27,7.60,18.40,17.90,65.50,71.00,64.00,87.50,73.50,32.00,21.20,25.10,9.10,6.30,31.75,7.00,6.80,7.00,6.00,5.80,5.60,2.60,,,22.00,52.50,2.93429,2.82781,3.44008,2.90,2.83,3.48
_,175.10,77.00,38.50,16.40,16.20,15.40,16.00,16.40,18.60,18.20,17.73,6.20,8.60,58.00,31.00,35.00,90.00,77.30,19.75,26.50,21.00,19.00,18.00,19.33,12.20,12.00,12.00,12.07,,,,93.00,97.00,84.50,14.50,5.40,36.00,92.40,44.70,35.40,26.75,25.00,19.00,23.00,22.33,20.50,19.00,18.00,19.17,8.10,19.30,20.10,88.00,89.00,81.00,101.00,75.00,32.30,23.00,23.20,9.90,5.90,31.75,7.20,7.40,8.60,7.00,7.80,7.80,2.20,,,26.00,63.50,4.51676,3.81666,1.54777,4.39,3.82,1.59
_,158.30,50.50,35.00,14.10,13.90,14.10,14.03,5.90,6.10,6.00,6.00,5.60,8.10,50.40,25.50,27.20,84.70,158.50,15.75,22.75,20.40,19.80,20.20,20.13,9.00,9.20,8.80,9.00,,,,81.50,80.50,70.00,13.00,4.70,33.50,87.90,26.20,32.70,22.25,22.20,22.00,19.80,21.33,11.00,11.20,11.20,11.13,7.40,17.20,18.10,71.00,74.00,63.00,87.00,66.50,28.80,19.50,22.80,8.80,6.10,29.00,7.40,6.00,7.20,5.80,5.40,5.00,2.20,,,22.00,53.50,3.19042,3.49974,2.76932,3.14,3.50,2.81
_,175.10,74.00,39.00,21.00,20.20,19.00,20.07,14.00,13.40,14.40,13.93,6.20,9.00,57.00,32.00,34.00,89.90,71.50,18.50,28.00,14.00,13.20,14.00,13.73,14.40,13.00,13.20,13.53,,,,93.00,95.00,86.00,14.20,5.10,36.00,97.20,44.40,38.90,28.00,28.00,25.00,25.00,26.00,24.00,23.00,23.00,23.33,7.20,19.00,18.50,82.00,96.00,80.00,96.00,73.30,82.50,21.00,25.20,9.00,6.70,31.00,10.20,9.80,10.00,8.20,7.80,8.20,3.20,,,26.60,60.20,4.59137,3.72557,1.94952,4.53,3.73,1.99
_,174.70,71.00,36.50,13.00,12.60,12.60,12.73,13.40,13.00,12.60,13.00,7.00,9.30,57.00,20.50,32.70,,,18.75,26.50,19.00,19.40,19.60,19.33,15.00,14.80,15.20,15.00,,,,89.60,89.00,78.70,15.10,5.20,37.00,99.10,41.10,39.00,29.00,22.20,22.00,22.40,22.20,15.00,15.20,14.80,15.00,7.70,18.80,18.00,86.00,91.40,71.20,97.40,76.40,33.20,23.60,26.70,9.40,6.90,31.25,5.60,5.40,5.60,5.20,5.00,5.20,2.60,,,26.20,63.00,4.05580,4.83337,2.30288,3.96,4.83,2.35
_,166.50,57.50,37.50,15.00,14.00,15.00,14.67,7.20,7.80,7.80,7.60,6.30,8.20,52.00,26.80,30.20,56.00,107.50,17.00,24.00,8.20,8.20,9.60,8.67,10.00,7.60,8.20,8.60,,,,83.50,84.50,76.50,13.80,5.10,39.40,95.00,42.20,36.80,24.00,20.00,21.60,23.40,21.67,10.80,11.20,11.40,11.13,7.90,17.40,18.00,75.00,81.50,63.50,85.00,69.70,30.90,20.30,23.30,8.70,5.90,29.50,7.20,6.80,7.10,6.60,5.60,6.20,2.00,,,23.20,57.50,3.22704,4.58811,2.99689,3.18,4.59,3.04
_,176.20,66.10,38.00,11.50,11.50,11.70,11.57,7.50,7.80,8.00,7.77,6.40,8.60,56.70,25.50,28.50,,,,,,,,0.00,9.60,9.00,9.60,9.40,,,,,,,,,35.60,,,,,,,,0.00,10.00,10.20,10.40,10.20,,18.80,,,,70.80,81.00,75.00,31.70,24.20,25.60,8.50,6.60,28.75,6.20,6.00,6.00,6.40,6.20,6.40,3.20,,,23.60,56.50,2.81549,2.78546,3.31945,2.78,2.79,3.36
_,150.20,50.10,33.75,16.20,16.50,17.60,16.77,10.40,12.10,12.10,11.53,5.80,8.20,51.90,25.50,27.10,82.20,161.20,16.50,24.25,12.20,13.20,12.60,12.67,7.80,8.20,8.20,8.07,,,,80.10,82.00,77.00,13.80,5.20,31.10,90.40,41.50,34.40,24.00,21.00,22.20,21.40,21.53,23.00,20.40,21.60,21.67,7.10,15.90,17.80,73.00,75.50,68.50,88.00,69.70,31.30,22.20,2.70,8.30,6.30,27.50,9.80,8.20,9.00,12.20,10.60,10.40,2.80,2.80,2.80,22.00,52.00,4.20434,4.16613,1.23420,4.10,4.17,1.28
_,163.50,66.70,33.25,20.80,19.00,20.20,20.00,26.40,26.50,27.00,26.63,5.70,9.20,55.00,29.90,31.80,88.50,149.20,17.25,23.25,16.40,18.80,19.00,18.07,18.00,18.40,17.60,18.00,,,,89.00,92.50,76.50,14.30,5.10,39.00,90.20,40.20,32.70,26.50,37.00,44.80,41.60,41.13,29.20,31.80,35.80,32.27,7.70,15.10,19.00,82.50,83.00,75.50,96.00,66.20,30.60,18.60,23.00,9.30,6.80,31.00,9.80,9.80,10.40,12.00,1.20,11.00,2.80,,,23.00,63.00,6.39172,4.86315,1.03624,5.96,4.86,1.06
_,175.20,70.00,36.00,19.00,19.60,18.90,19.17,12.60,13.20,12.80,12.87,6.90,9.40,57.50,28.00,29.50,,,17.50,24.50,19.00,19.20,18.60,18.93,17.80,17.40,17.80,17.67,,,,90.50,90.00,79.50,14.40,5.00,36.50,99.50,28.40,36.80,29.50,30.60,30.00,31.00,30.53,21.00,20.60,20.80,20.80,7.70,18.40,19.20,78.50,89.00,74.30,100.00,75.10,33.70,23.20,25.50,9.20,6.40,33.25,7.60,7.40,7.60,6.40,6.20,6.40,3.20,,,26.10,59.40,4.86023,3.84562,2.53806,4.70,3.85,2.58
_,166.30,62.40,35.75,12.40,14.80,13.40,13.53,12.10,13.10,13.10,12.77,5.50,8.50,57.20,29.30,30.50,89.20,167.50,19.00,23.20,27.40,28.00,27.30,27.57,9.00,9.20,9.40,9.20,,,,86.30,89.20,80.80,14.50,4.70,34.00,89.40,39.80,33.90,23.00,20.00,20.20,21.20,20.47,8.20,8.40,8.20,8.27,7.00,18.80,18.60,76.50,78.40,71.50,94.00,74.40,32.60,21.30,24.70,8.50,6.20,31.00,7.50,7.20,7.00,7.60,7.40,7.20,2.60,,,24.10,59.80,3.72272,3.36268,2.11082,3.65,3.36,2.15
_,164.20,61.30,34.50,15.00,15.20,14.80,15.00,8.60,9.00,8.40,8.67,5.80,8.70,54.50,26.20,30.00,87.10,157.80,17.75,27.00,16.40,14.20,18.00,16.20,9.00,8.80,8.80,8.87,,,,82.00,85.10,73.20,14.20,4.70,35.00,96.10,35.20,36.90,23.75,26.40,25.40,28.20,26.67,11.20,13.60,12.20,12.33,7.10,16.60,18.50,78.00,80.00,73.00,96.00,,,,,,,,,,,,,,,,,,,3.45559,3.98938,1.90345,3.40,3.99,1.95
_,158.10,60.00,37.00,19.60,19.00,17.60,18.73,10.40,10.80,10.80,10.67,5.30,8.20,57.00,26.00,31.00,84.50,155.90,17.00,26.50,15.20,14.80,15.40,15.13,9.20,9.20,9.20,9.20,,,,87.00,89.50,74.60,14.40,5.00,36.20,89.40,39.10,33.60,23.50,31.00,34.00,31.80,32.27,14.60,13.80,13.60,14.00,7.10,16.60,19.20,74.50,80.00,73.40,96.10,,,,,,,,,,,,,,,,,,,4.23711,4.34317,1.06802,4.13,4.34,1.09
_,165.90,62.50,37.75,15.40,15.00,15.00,15.13,10.00,10.20,10.40,10.20,6.10,9.20,52.00,28.00,30.00,88.30,165.00,20.00,26.50,14.20,13.80,14.40,14.13,6.20,6.60,6.20,6.33,,,,86.20,93.50,80.00,14.20,5.10,35.10,93.80,36.90,35.80,25.25,17.40,17.20,15.20,16.60,11.20,11.20,11.40,11.27,7.40,17.20,18.10,74.00,80.00,66.00,97.40,,,,,,,,,,,,,,,,,,,3.32491,4.35530,2.02066,3.27,4.36,2.06
_,170.50,85.00,36.30,19.00,19.00,19.20,19.07,20.00,18.00,18.90,18.97,7.20,9.00,55.10,32.70,34.90,90.00,166.70,16.50,29.00,37.00,36.80,36.00,36.60,24.80,22.00,25.40,24.07,,,,99.30,102.20,87.60,14.50,5.70,44.20,90.60,40.00,36.80,31.50,23.60,30.20,26.80,26.87,21.20,26.80,21.40,23.13,8.40,17.00,18.50,100.00,104.00,78.00,112.00,,,,,,,,,,,,,,,,,,,5.99723,6.69759,0.32418,5.66,6.70,0.35
_,171.20,58.50,32.00,13.80,13.80,14.20,13.93,10.00,10.60,10.00,10.20,6.00,8.50,53.40,24.00,26.20,90.50,168.60,16.50,23.00,10.40,11.80,11.90,11.37,12.20,11.00,12.60,11.93,,,,78.50,78.80,70.20,13.20,5.10,34.00,97.60,40.90,38.90,23.75,22.00,19.00,20.00,20.33,9.00,8.40,8.00,8.47,7.10,16.60,18.50,68.00,80.00,63.20,94.20,,,,,,,,,,,,,,,,,,,3.67369,2.33064,3.70218,3.60,2.33,3.75
_,175.70,71.50,36.25,14.00,16.20,13.60,14.60,11.20,11.80,11.20,11.40,6.90,9.00,56.20,27.50,30.30,93.30,179.80,18.00,25.50,13.80,14.80,14.80,14.47,11.40,11.60,11.40,11.47,,,,88.50,91.50,79.00,15.20,5.50,34.70,98.60,43.40,37.70,28.75,24.80,25.80,24.60,25.07,11.00,10.50,11.00,10.83,7.70,18.10,18.50,79.00,89.50,75.50,99.00,,,,,,,,,,,,,,,,,,,3.71913,3.64675,2.40709,3.65,3.65,2.45
_,166.10,64.10,37.25,15.60,15.60,15.60,15.60,14.40,14.00,14.20,14.20,5.10,9.00,55.50,28.20,31.00,88.20,166.40,16.00,26.75,15.40,16.20,16.20,15.93,9.40,9.00,9.00,9.13,,,,89.00,87.00,82.00,14.70,5.10,37.50,90.00,36.70,34.90,25.70,26.00,27.20,27.20,26.80,16.80,16.60,16.00,16.47,7.70,17.00,17.90,83.00,87.90,76.00,97.80,,,,,,,,,,,,,,,,,,,4.07631,3.83275,1.80048,3.98,3.83,1.84
_,170.00,70.20,35.75,13.60,14.00,13.80,13.80,9.80,10.10,9.60,9.83,5.80,9.00,55.50,28.00,32.00,87.50,169.00,16.00,26.00,11.40,11.20,11.20,11.27,6.20,6.60,6.40,6.40,,,,87.00,88.00,77.50,13.20,5.10,36.50,96.60,42.20,36.00,27.25,17.80,17.00,16.20,17.00,8.00,8.80,9.20,8.67,7.60,17.50,19.00,77.00,87.00,72.00,105.70,,,,,,,,,,,,,,,,,,,3.06727,4.10887,1.58576,3.02,4.11,1.63
_,166.00,60.40,37.50,15.80,15.60,15.40,15.60,10.20,10.60,10.10,10.30,5.80,8.60,53.00,26.30,29.40,87.90,167.20,15.50,24.25,12.20,12.60,12.60,12.47,6.20,6.40,6.40,6.33,,,,87.80,85.80,71.80,13.75,5.00,36.50,92.00,45.80,34.60,29.00,27.00,28.00,27.60,27.53,7.00,8.00,8.00,7.67,7.50,19.10,17.80,73.50,83.00,69.00,98.00,,,,,,,,,,,,,,,,,,,3.38424,3.88593,2.38993,3.33,3.89,2.43
M,183.20,85.50,43.00,17.20,17.40,16.80,17.13,12.60,12.80,12.60,12.67,7.30,9.90,55.50,34.00,37.50,94.50,198.20,19.50,29.25,16.20,15.80,15.60,15.87,9.00,9.40,9.80,9.40,6.80,7.00,7.40,97.00,98.50,92.00,14.60,5.80,38.00,103.70,44.60,39.90,28.25,16.40,16.00,16.60,16.33,11.40,12.20,11.80,8.70,8.70,20.80,19.00,83.50,82.00,81.00,97.50,,,,,,,,,,,,,,,,,,,3.73140,5.41998,1.86022,3.66,5.42,1.91
M,181.50,78.20,42.50,19.00,18.40,18.60,18.67,13.40,13.20,13.20,13.27,7.10,10.60,61.10,31.40,37.80,96.00,176.50,20.00,28.00,7.80,8.00,8.10,7.97,6.80,6.00,6.10,6.30,5.60,5.70,5.80,86.00,78.20,76.00,14.40,5.80,40.00,110.00,38.00,34.50,30.25,21.50,20.50,20.50,20.83,5.20,5.00,5.40,5.20,8.20,19.50,19.50,82.00,85.50,77.50,102.50,,,,,,,,,,,,,,,,,,,3.67469,6.29758,2.48839,3.60,6.30,2.53
M,181.50,72.50,42.50,10.10,9.70,9.50,9.77,8.40,8.40,8.50,8.43,7.10,8.90,60.40,33.50,37.10,96.00,176.50,19.00,27.00,7.90,8.60,8.80,8.43,6.40,6.20,6.40,6.33,4.60,4.80,4.80,86.00,82.00,75.50,14.40,5.60,39.00,98.70,37.40,40.10,28.50,11.60,11.40,11.60,11.53,5.80,6.00,5.80,5.87,8.20,19.40,18.80,79.00,83.00,77.00,98.00,,,,,,,,,,,,,,,,,,,2.27642,5.13981,3.28215,2.25,5.14,3.33
M,182.50,76.70,44.50,10.20,9.80,9.60,9.87,8.50,8.60,8.50,8.53,7.30,10.30,61.20,34.50,38.70,91.50,189.00,20.00,28.00,9.60,9.80,9.40,9.60,6.80,6.60,6.40,6.60,4.40,4.80,4.60,96.50,91.50,84.50,15.20,5.50,40.00,104.20,39.60,43.00,28.25,10.60,10.20,10.40,10.40,5.60,5.40,5.60,5.53,8.20,19.40,18.70,80.00,84.00,79.00,94.00,,,,,,,,,,,,,,,,,,,2.31260,6.48721,2.86190,2.29,6.49,2.91
M,179.70,93.40,44.80,9.80,9.60,9.60,9.67,9.20,9.60,9.40,9.40,7.50,9.70,58.50,36.60,40.50,93.60,179.50,23.00,28.75,13.00,13.20,13.00,13.07,7.40,7.20,7.20,7.27,5.20,5.20,5.40,103.00,101.50,97.00,16.40,5.80,39.00,101.20,41.50,39.80,26.45,13.20,13.20,12.80,13.07,7.20,7.20,7.40,7.27,8.40,18.60,19.00,89.00,84.00,93.50,97.50,,,,,,,,,,,,,,,,,,,2.49987,6.81815,0.70778,2.47,6.82,0.74
M,170.00,62.90,39.00,6.20,5.80,5.80,5.93,7.40,7.40,7.60,7.47,6.50,9.10,55.30,27.50,30.50,86.00,171.30,18.00,27.75,7.00,6.80,6.40,6.73,5.60,5.20,6.00,5.60,3.60,3.60,3.80,93.00,92.00,37.00,14.40,5.50,34.50,93.00,37.90,34.80,23.00,8.00,7.60,7.60,7.73,6.60,6.40,6.60,6.53,7.70,18.00,19.00,75.50,76.00,75.00,90.50,,,,,,,,,,,,,,,,,,,1.80525,4.34798,2.71030,1.79,4.35,2.75
M,183.70,87.70,40.50,13.10,13.20,13.20,13.17,15.50,15.00,14.60,15.03,8.70,10.20,57.80,32.80,36.30,97.00,182.20,22.25,28.50,23.80,23.60,23.60,23.67,13.20,13.40,13.40,13.33,4.80,5.40,4.90,97.50,96.20,92.30,15.30,5.90,37.00,,,,,,,,0.00,14.60,14.40,14.20,14.40,,,,,90.00,85.00,102.50,,,,,,,,,,,,,,,,,,,3.93748,6.33206,1.68591,3.85,6.33,1.73
M,184.70,89.70,45.50,12.20,12.00,11.90,12.03,15.20,15.90,15.40,15.50,7.00,11.40,57.60,33.30,36.00,97.50,186.40,22.00,33.25,9.20,9.20,9.40,9.27,7.60,7.80,7.60,7.67,6.60,6.80,6.60,102.80,99.60,95.50,14.10,6.10,42.40,104.40,38.20,35.00,28.00,14.60,14.40,14.60,14.53,6.80,6.80,6.60,6.73,8.60,18.80,19.80,84.50,96.00,88.00,101.50,,,,,,,,,,,,,,,,,,,3.27647,6.42158,1.62280,3.27,6.42,1.67
M,167.70,62.40,42.00,7.20,7.60,8.20,7.67,8.30,8.60,8.60,8.50,6.40,8.40,58.10,28.00,33.00,86.40,169.90,17.50,27.50,5.80,5.80,5.60,5.73,4.20,4.60,4.40,4.40,3.60,3.60,3.60,92.00,104.00,89.00,15.00,5.60,33.00,,,,,,,,0.00,3.80,3.80,3.60,3.73,,,,,75.50,72.00,89.50,,,,,,,,,,,,,,,,,,,2.02708,4.38365,2.36919,2.01,4.38,2.41
M,180.00,68.00,41.00,5.00,5.20,5.30,5.17,6.20,6.20,6.30,6.23,6.50,9.20,56.50,28.50,33.50,88.50,185.50,19.00,30.00,7.00,6.80,7.20,7.00,4.60,4.20,4.20,4.33,4.80,5.00,4.80,89.50,89.00,84.00,14.00,6.00,36.50,110.00,43.50,42.00,29.00,5.40,5.20,5.60,5.40,3.20,4.20,4.20,3.87,8.00,21.50,19.50,78.50,81.00,76.50,91.00,,,,,,,,,,,,,,,,,,,1.29391,4.04119,3.70102,1.28,4.04,3.75
M,183.10,73.70,42.00,7.20,7.20,7.50,7.30,7.20,7.40,7.40,7.33,7.00,9.90,57.00,27.50,32.00,93.50,186.20,19.00,29.00,10.60,10.60,10.60,10.60,5.60,5.20,5.60,5.47,6.40,6.60,6.40,92.00,91.50,88.50,15.20,5.20,36.00,,42.30,39.00,29.00,12.20,12.00,12.40,12.20,6.00,5.60,6.00,5.87,8.00,21.00,19.50,83.00,83.00,80.00,98.50,,,,,,,,,,,,,,,,,,,1.76431,4.05005,3.38762,1.75,4.05,3.43
M,186.00,82.00,41.75,5.40,5.70,5.40,5.50,8.20,8.40,7.60,8.07,7.00,9.90,58.60,30.50,36.30,98.10,185.80,21.00,28.00,4.60,4.60,4.80,4.67,4.00,4.40,4.00,4.13,3.00,2.80,2.80,98.00,97.50,94.60,15.10,6.30,36.00,103.20,44.00,41.50,30.50,8.20,7.60,7.40,7.73,5.80,6.40,6.20,6.13,9.20,20.50,20.60,84.00,87.00,83.00,103.00,,,,,,,,,,,,,,,,,,,1.45923,4.50820,2.75907,1.45,4.51,2.81
M,187.00,91.50,41.75,8.20,6.20,7.60,7.33,12.60,11.40,11.40,11.80,7.20,9.70,57.60,33.80,39.30,96.80,187.40,22.00,28.00,8.40,7.60,8.20,8.07,6.80,6.00,5.40,6.07,3.40,3.20,3.00,103.00,102.00,96.50,15.10,5.80,41.00,106.30,44.40,41.40,23.75,8.20,9.60,9.20,9.00,7.20,7.00,7.40,7.20,9.00,20.40,19.80,84.50,86.00,81.00,99.50,,,,,,,,,,,,,,,,,,,2.26867,5.74597,1.79705,2.25,5.75,1.84
M,163.40,61.90,39.00,5.60,5.40,5.60,5.53,7.00,6.80,6.60,6.80,6.50,8.60,55.50,30.00,35.00,88.00,162.00,18.00,26.00,5.00,5.20,5.00,5.07,4.00,4.00,4.20,4.07,3.60,3.80,3.80,91.00,91.50,89.00,15.60,5.40,36.00,86.80,37.20,32.80,20.75,7.40,7.60,7.60,7.53,4.20,4.20,4.40,4.27,7.80,18.30,17.90,71.00,71.00,71.50,88.00,,,,,,,,,,,,,,,,,,,1.56877,6.04348,1.65660,1.56,6.04,1.70
M,184.00,70.00,41.25,6.00,6.00,6.20,6.07,6.80,7.00,7.00,6.93,7.30,10.00,56.00,27.00,30.50,94.80,188.00,17.25,28.00,9.00,9.00,9.20,9.07,6.80,7.00,7.00,6.93,3.80,4.00,4.00,91.00,90.00,96.50,13.20,6.00,36.00,109.20,39.20,34.00,27.75,10.60,10.60,10.80,10.67,7.20,7.00,7.00,7.07,8.50,21.00,19.25,77.00,85.00,75.50,94.50,,,,,,,,,,,,,,,,,,,1.73415,3.97145,4.10107,1.72,3.97,4.15
M,183.00,67.20,40.00,8.00,8.20,8.20,8.13,7.20,8.00,7.50,7.57,6.40,9.00,58.00,27.00,30.00,95.40,179.80,17.25,25.25,10.00,12.20,11.50,11.23,8.80,9.80,9.20,9.27,4.70,4.50,4.50,86.60,84.00,80.20,14.50,5.10,35.50,97.70,38.50,38.20,28.25,10.50,10.50,10.60,10.53,6.40,6.00,6.20,6.20,7.60,18.20,19.40,74.50,85.50,70.00,88.50,74.50,30.40,24.50,24.40,9.20,7.50,32.00,4.60,4.60,4.60,3.60,3.60,3.60,2.80,,,23.80,53.50,2.30199,2.53003,4.36876,2.28,2.53,4.42
M,181.00,98.00,44.00,7.20,7.00,7.20,7.13,15.40,15.40,15.60,15.47,7.30,10.40,57.80,36.20,38.50,98.00,184.20,24.25,30.00,24.40,24.40,23.00,23.93,20.00,23.80,19.60,21.13,16.80,12.20,12.40,109.00,107.70,99.50,13.90,6.40,42.70,97.60,41.50,37.30,28.50,8.20,6.80,8.00,7.67,7.80,7.60,7.80,7.73,9.10,19.00,20.30,88.50,93.50,87.00,109.00,78.00,31.30,26.70,27.70,9.80,8.10,34.00,7.40,6.20,6.40,6.20,5.80,6.80,3.60,,,31.00,63.70,4.19547,7.15700,0.54680,4.09,7.16,0.57
M,173.20,71.40,39.25,7.40,7.10,8.20,7.57,9.40,10.20,9.60,9.73,7.20,8.00,55.50,31.00,34.90,92.90,180.30,19.25,27.25,8.80,8.60,8.60,8.67,6.80,6.80,6.80,6.80,6.40,7.00,7.00,92.50,88.00,85.50,14.90,5.60,35.30,97.20,35.00,33.00,26.00,10.00,11.00,10.80,10.60,7.00,6.20,6.40,6.53,8.40,18.40,19.50,78.00,76.00,75.00,89.00,74.00,32.80,23.10,24.90,7.40,6.60,29.50,5.20,5.80,5.40,4.20,4.40,4.40,3.20,,,28.00,58.50,2.35502,4.79345,1.98044,2.33,4.79,2.02
M,178.00,68.00,38.60,7.40,7.60,7.30,7.43,10.60,10.80,10.60,10.67,6.90,9.50,55.00,29.50,32.00,97.00,169.40,18.50,29.00,17.30,17.00,17.20,17.17,13.20,11.00,12.00,12.07,9.20,8.80,8.80,89.00,91.80,86.00,14.80,6.10,38.00,98.00,42.00,34.00,25.50,24.20,24.40,23.80,24.13,9.00,9.40,9.20,9.20,8.20,18.50,18.50,79.00,86.20,76.00,96.90,72.50,31.60,22.10,25.80,10.20,7.50,32.50,4.20,4.00,4.30,4.40,5.60,5.60,2.20,,,26.50,57.40,2.93497,4.65789,3.34234,2.90,4.66,3.39
M,189.00,84.00,42.45,8.40,7.80,8.40,8.20,10.00,10.60,10.40,10.33,7.40,10.00,55.00,32.00,36.00,92.00,196.30,21.75,30.00,11.00,12.60,12.20,11.93,7.00,6.70,6.80,6.83,5.00,6.20,5.40,102.70,99.00,93.00,14.50,4.10,43.30,115.00,45.30,43.40,30.30,11.40,11.30,11.60,11.43,8.00,8.20,8.20,8.13,9.20,20.20,19.00,81.00,87.50,77.40,97.60,83.70,35.20,27.80,28.30,11.50,8.10,34.60,5.00,4.80,5.00,3.60,3.60,3.80,2.60,,,29.90,60.00,2.25722,5.55444,3.00977,2.24,5.55,3.06
M,190.30,85.20,41.25,10.20,10.00,10.20,10.13,10.60,11.00,11.20,10.93,7.20,9.70,58.60,35.00,38.10,98.40,193.60,19.00,27.75,14.60,15.60,15.20,15.13,11.80,12.00,11.60,11.80,7.00,6.40,7.00,97.70,92.70,89.00,14.30,5.70,38.70,111.20,45.80,45.70,28.50,19.00,19.80,20.20,19.67,13.40,13.20,12.60,13.07,8.60,21.20,20.70,82.30,78.30,84.10,104.00,81.00,35.40,24.00,26.90,10.10,8.20,35.25,9.20,9.40,9.60,9.00,9.20,8.40,3.80,,,29.00,57.50,2.99400,0.81062,3.07702,2.95,4.57,3.12
M,182.50,80.00,40.75,8.00,8.60,8.80,8.47,7.20,7.80,7.60,7.53,7.20,10.00,55.90,31.80,35.00,94.20,184.50,18.75,29.25,8.20,8.20,8.20,8.20,5.00,4.60,4.40,4.67,6.60,6.40,6.20,97.50,94.00,86.00,15.00,6.00,39.00,102.60,41.40,33.40,27.00,3.90,2.80,3.00,3.23,8.00,7.00,7.40,7.47,7.70,19.50,20.00,83.00,86.00,82.00,86.00,80.60,35.80,25.10,25.4,9.60,7.20,33.00,6.80,6.00,6.20,5.00,5.00,5.40,2.60,,,32.10,59.00,1.89354,5.35959,2.42349,1.82,5.36,2.47
M,197.60,88.80,42.50,9.20,11.00,10.60,10.27,8.80,8.80,8.20,8.60,7.10,10.00,60.00,29.90,34.10,99.10,198.20,20.50,29.50,8.00,8.20,8.00,8.07,5.20,5.40,5.60,5.40,5.60,5.60,5.60,95.50,93.40,89.70,14.70,6.20,40.00,112.20,41.40,42.50,30.00,17.80,19.20,18.20,18.40,6.80,6.00,6.20,6.33,9.00,20.90,21.10,83.50,84.50,80.00,97.80,85.10,36.40,26.10,31.10,10.50,7.70,31.75,4.80,4.60,4.80,3.80,3.80,3.60,3.40,,,28.30,58.80,2.03039,3.27201,3.84105,2.01,3.27,3.89
M,184.00,72.30,41.75,6.70,7.00,7.20,6.97,8.20,8.40,7.90,8.17,6.40,9.35,61.10,27.40,29.30,93.00,191.20,18.00,28.50,9.20,9.80,8.40,9.13,5.60,5.20,5.60,5.47,4.00,4.20,4.20,94.00,98.50,85.30,15.90,5.30,34.50,106.00,40.30,39.70,27.75,12.00,12.20,12.00,12.07,6.00,6.20,6.20,6.13,7.80,20.00,21.10,84.50,84.10,81.00,89.80,81.70,35.40,25.90,27.40,9.70,6.40,30.50,5.60,6.00,5.80,3.80,4.00,4.40,3.00,,,24.00,54.70,1.69815,2.33972,3.75078,1.79,2.34,3.80
M,171.50,72.10,39.00,8.20,8.40,8.40,8.33,7.40,8.20,7.80,7.80,6.90,9.70,53.60,33.00,36.50,93.80,170.90,19.75,28.00,10.00,9.80,10.20,10.00,7.00,6.80,6.60,6.80,4.80,4.40,4.20,103.30,101.20,96.00,15.00,5.80,37.00,96.20,39.20,41.90,27.50,10.40,10.00,10.60,10.33,8.40,8.20,8.20,8.27,8.10,18.90,19.00,80.60,79.50,80.20,94.10,73.40,29.40,23.80,26.40,9.30,7.50,28.50,4.80,5.20,5.40,4.20,4.00,4.00,3.00,,,20.00,57.50,2.24777,6.31264,1.58223,2.23,6.31,1.63
M,183.50,86.30,42.00,8.50,8.00,8.10,8.20,13.50,14.50,14.00,14.00,7.00,9.00,56.00,35.50,37.00,95.00,184.80,21.00,31.25,12.60,11.00,11.00,11.53,8.80,8.20,8.40,8.47,4.20,4.40,4.60,109.00,105.00,95.00,15.50,5.30,38.20,108.90,40.20,40.50,29.00,14.40,15.00,14.90,14.77,5.00,5.10,5.20,5.10,8.80,19.00,20.10,84.00,85.00,82.00,93.50,79.70,34.60,25.40,26.00,9.70,7.20,29.00,6.00,6.20,6.10,4.20,4.80,4.60,3.00,3.00,3.00,32.00,62.00,2.89104,4.74643,1.81556,2.85,4.75,1.86
M,179.60,76.60,40.00,6.70,6.60,7.60,6.97,9.00,8.60,9.20,8.93,9.60,7.80,59.50,28.50,32.00,95.10,175.30,20.50,26.50,11.00,10.40,11.20,10.87,6.20,6.00,5.80,6.00,5.00,5.40,5.20,93.50,92.00,89.50,15.10,5.70,34.30,104.00,44.00,36.40,27.75,15.00,15.40,16.00,15.47,14.00,13.40,13.40,13.60,8.30,18.30,19.25,79.40,82.50,78.50,98.00,74.50,32.30,23.50,26.70,9.40,6.10,32.75,5.20,5.40,5.60,5.20,4.80,5.20,3.60,,,31.00,57.50,2.01251,5.08530,2.37574,1.99,5.09,2.42
M,172.40,76.10,39.75,8.00,6.90,8.40,7.77,11.80,11.80,12.10,11.90,7.10,9.30,55.00,34.30,37.40,89.20,175.70,19.50,27.50,10.80,10.00,10.60,10.47,6.80,6.40,6.60,6.60,5.80,5.40,5.80,97.50,98.00,88.50,15.20,5.60,39.30,96.50,39.50,36.50,25.50,13.80,13.20,12.40,13.13,9.80,10.60,10.40,10.27,8.50,19.70,18.70,80.00,84.50,80.00,99.00,76.70,34.60,22.10,27.20,9.10,7.40,32.00,7.00,6.20,5.80,4.00,4.00,4.00,3.60,,,32.50,62.50,2.61163,6.64377,1.20606,2.58,6.64,1.24
M,187.70,106.30,40.00,18.10,18.20,17.20,17.83,13.00,14.00,14.40,13.80,7.40,10.40,57.00,35.00,35.50,99.00,205.30,22.00,33.50,24.60,16.50,18.40,19.83,18.50,26.30,20.20,21.67,12.80,14.20,13.40,108.00,108.00,107.30,15.20,5.60,42.00,101.50,40.30,37.60,29.25,16.90,15.80,16.60,16.43,15.00,15.20,14.80,15.00,9.00,21.30,19.40,99.80,102.50,97.70,115.50,88.00,39.50,27.00,30.00,11.20,7.50,39.00,10.20,11.40,10.80,8.00,8.40,8.20,3.20,3.20,3.20,33.00,70.00,4.86374,5.37019,0.71569,4.70,5.37,0.74
M,180.00,78.40,42.50,6.60,6.80,6.60,6.67,8.40,8.40,8.20,8.33,7.10,9.80,56.50,30.00,35.00,93.10,176.10,23.00,29.25,7.60,7.40,8.00,7.67,6.40,7.40,7.00,6.93,5.20,4.40,4.80,98.20,99.00,90.50,14.30,6.10,37.50,104.80,49.20,39.40,29.00,11.80,12.40,11.80,12.00,8.00,7.80,7.80,7.87,9.20,20.20,19.50,81.00,82.10,79.10,98.20,78.80,35.10,23.50,28.50,10.00,7.80,33.50,5.00,5.20,5.20,3.00,3.00,3.20,2.60,2.40,2.40,29.00,57.00,2.01040,5.26699,2.20541,1.99,5.27,2.25
M,183.20,79.20,41.75,10.40,10.60,10.60,10.53,10.60,10.60,10.80,10.67,7.40,10.50,57.30,30.00,32.80,98.40,185.40,22.25,25.25,18.20,18.60,17.80,18.20,11.40,11.80,11.60,11.60,8.00,7.60,7.80,98.00,90.50,90.00,15.00,6.10,36.90,106.10,52.00,36.70,30.50,14.20,14.00,14.80,14.33,7.60,7.80,7.60,7.67,8.60,19.70,19.90,81.10,81.80,80.00,103.20,80.40,34.50,25.20,27.00,10.20,8.00,35.25,7.20,7.20,7.00,4.60,4.60,4.40,3.20,3.40,3.20,26.50,58.00,3.11115,4.94634,2.64685,3.07,4.95,2.69
M,178.00,68.00,38.25,8.50,7.70,8.20,8.13,10.50,10.00,10.40,10.30,6.70,9.80,59.20,24.40,30.00,94.00,178.50,19.00,27.25,8.60,8.40,8.20,8.40,6.50,6.40,6.20,6.37,3.90,4.00,3.60,93.00,90.00,97.00,16.40,5.60,32.50,99.00,38.00,35.50,26.00,7.80,7.50,7.60,7.63,6.00,6.00,6.00,6.00,9.00,18.80,18.40,69.00,71.50,68.30,88.50,77.40,31.30,25.20,27.40,10.00,7.30,32.75,6.40,6.00,6.20,4.00,4.20,4.00,3.20,3.40,3.20,26.00,52.00,2.35856,3.44345,3.34234,2.33,3.44,3.39
M,187.00,74.50,42.25,6.00,6.00,5.8,5.93,8.20,8.40,9.40,8.67,7.30,9.70,54.00,30.00,34.00,93.40,191.50,10.00,28.25,8.60,8.00,7.00,7.87,5.80,5.80,6.20,5.93,4.20,4.20,4.40,91.00,89.50,84.20,14.90,6.90,36.60,109.20,45.60,39.60,29.00,8.00,8.00,8.20,8.07,4.20,4.40,4.40,4.33,8.60,16.80,18.70,78.00,80.00,74.20,97.60,,,,,,,,,,,,,,,,,,,1.76452,4.19950,3.95124,1.75,4.20,4.00
M,178.50,75.20,44.00,9.40,10.80,10.4,10.20,11.20,12.40,10.80,11.47,7.30,9.30,55.50,31.00,34.50,91.50,183.00,22.00,31.00,11.20,11.80,12.20,11.73,9.40,9.40,9.80,9.53,6.20,6.00,5.80,103.50,98.00,93.00,15.60,5.95,37.00,108.90,39.50,42.30,26.50,12.40,12.80,12.40,12.53,11.40,11.60,11.40,11.47,8.50,18.60,18.50,79.00,79.00,77.50,95.50,77.00,34.00,24.50,26.60,10.00,6.80,31.00,6.00,6.20,6.00,4.40,4.20,4.60,2.40,2.40,2.40,26.00,57.00,3.03308,5.03577,2.37589,2.99,5.04,2.42
,,,,,,,,,,,,,,,,,,,,,,,,,,,,,,,,,,,,,,,,,,,,,,,,,,,,,,,,,,,,,,,,,,,,,,,,,,,,,,,,
,,,,,,,,,,,,,,,,,,,,,,,,,,,,,,,,,,,,,,,,,,,,,,,,,,,,,,,,,,,,,,,,,,,,,,,,,,,,,,,,
,,,,,,,,,,,,,,,,,,,,,,,,,,,,,,,,,,,,,,,,,,,,,,,,,,,,,,,,,,,,,,,,,,,,,,,,,,,,,,,,
,,,,,,,,,,,,,,,,,,,,,,,,,,,,,,,,,,,,,,,,,,,,,,,,,,,,,,,,,,,,,,,,,,,,,,,,,,,,,,,,
,,,,,,,,,,,,,,,,,,,,,,,,,,,,,,,,,,,,,,,,,,,,,,,,,,,,,,,,,,,,,,,,,,,,,,,,,,,,,,,,
,,,,,,,,,,,,,,,,,,,,,,,,,,,,,,,,,,,,,,,,,,,,,,,,,,,,,,,,,,,,,,,,,,,,,,,,,,,,,,,,
,,,,,,,,,,,,,,,,,,,,,,,,,,,,,,,,,,,,,,,,,,,,,,,,,,,,,,,,,,,,,,,,,,,,,,,,,,,,,,,,
,,,,,,,,,,,,,,,,,,,,,,,,,,,,,,,,,,,,,,,,,,,,,,,,,,,,,,,,,,,,,,,,,,,,,,,,,,,,,,,,
,,,,,,,,,,,,,,,,,,,,,,,,,,,,,,,,,,,,,,,,,,,,,,,,,,,,,,,,,,,,,,,,,,,,,,,,,,,,,,,,
,,,,,,,,,,,,,,,,,,,,,,,,,,,,,,,,,,,,,,,,,,,,,,,,,,,,,,,,,,,,,,,,,,,,,,,,,,,,,,,,
,,,,,,,,,,,,,,,,,,,,,,,,,,,,,,,,,,,,,,,,,,,,,,,,,,,,,,,,,,,,,,,,,,,,,,,,,,,,,,,,
,,,,,,,,,,,,,,,,,,,,,,,,,,,,,,,,,,,,,,,,,,,,,,,,,,,,,,,,,,,,,,,,,,,,,,,,,,,,,,,,
,,,,,,,,,,,,,,,,,,,,,,,,,,,,,,,,,,,,,,,,,,,,,,,,,,,,,,,,,,,,,,,,,,,,,,,,,,,,,,,,
,,,,,,,,,,,,,,,,,,,,,,,,,,,,,,,,,,,,,,,,,,,,,,,,,,,,,,,,,,,,,,,,,,,,,,,,,,,,,,,,
,,,,,,,,,,,,,,,,,,,,,,,,,,,,,,,,,,,,,,,,,,,,,,,,,,,,,,,,,,,,,,,,,,,,,,,,,,,,,,,,
,,,,,,,,,,,,,,,,,,,,,,,,,,,,,,,,,,,,,,,,,,,,,,,,,,,,,,,,,,,,,,,,,,,,,,,,,,,,,,,,
,,,,,,,,,,,,,,,,,,,,,,,,,,,,,,,,,,,,,,,,,,,,,,,,,,,,,,,,,,,,,,,,,,,,,,,,,,,,,,,,
,,,,,,,,,,,,,,,,,,,,,,,,,,,,,,,,,,,,,,,,,,,,,,,,,,,,,,,,,,,,,,,,,,,,,,,,,,,,,,,,
,,,,,,,,,,,,,,,,,,,,,,,,,,,,,,,,,,,,,,,,,,,,,,,,,,,,,,,,,,,,,,,,,,,,,,,,,,,,,,,,
,,,,,,,,,,,,,,,,,,,,,,,,,,,,,,,,,,,,,,,,,,,,,,,,,,,,,,,,,,,,,,,,,,,,,,,,,,,,,,,,
,,,,,,,,,,,,,,,,,,,,,,,,,,,,,,,,,,,,,,,,,,,,,,,,,,,,,,,,,,,,,,,,,,,,,,,,,,,,,,,,
,,,,,,,,,,,,,,,,,,,,,,,,,,,,,,,,,,,,,,,,,,,,,,,,,,,,,,,,,,,,,,,,,,,,,,,,,,,,,,,,
,,,,,,,,,,,,,,,,,,,,,,,,,,,,,,,,,,,,,,,,,,,,,,,,,,,,,,,,,,,,,,,,,,,,,,,,,,,,,,,,
,,,,,,,,,,,,,,,,,,,,,,,,,,,,,,,,,,,,,,,,,,,,,,,,,,,,,,,,,,,,,,,,,,,,,,,,,,,,,,,,
,,,,,,,,,,,,,,,,,,,,,,,,,,,,,,,,,,,,,,,,,,,,,,,,,,,,,,,,,,,,,,,,,,,,,,,,,,,,,,,,
,,,,,,,,,,,,,,,,,,,,,,,,,,,,,,,,,,,,,,,,,,,,,,,,,,,,,,,,,,,,,,,,,,,,,,,,,,,,,,,,
,,,,,,,,,,,,,,,,,,,,,,,,,,,,,,,,,,,,,,,,,,,,,,,,,,,,,,,,,,,,,,,,,,,,,,,,,,,,,,,,
,,,,,,,,,,,,,,,,,,,,,,,,,,,,,,,,,,,,,,,,,,,,,,,,,,,,,,,,,,,,,,,,,,,,,,,,,,,,,,,,
,,,,,,,,,,,,,,,,,,,,,,,,,,,,,,,,,,,,,,,,,,,,,,,,,,,,,,,,,,,,,,,,,,,,,,,,,,,,,,,,
,,,,,,,,,,,,,,,,,,,,,,,,,,,,,,,,,,,,,,,,,,,,,,,,,,,,,,,,,,,,,,,,,,,,,,,,,,,,,,,,
,,,,,,,,,,,,,,,,,,,,,,,,,,,,,,,,,,,,,,,,,,,,,,,,,,,,,,,,,,,,,,,,,,,,,,,,,,,,,,,,
,,,,,,,,,,,,,,,,,,,,,,,,,,,,,,,,,,,,,,,,,,,,,,,,,,,,,,,,,,,,,,,,,,,,,,,,,,,,,,,,
,,,,,,,,,,,,,,,,,,,,,,,,,,,,,,,,,,,,,,,,,,,,,,,,,,,,,,,,,,,,,,,,,,,,,,,,,,,,,,,,
,,,,,,,,,,,,,,,,,,,,,,,,,,,,,,,,,,,,,,,,,,,,,,,,,,,,,,,,,,,,,,,,,,,,,,,,,,,,,,,,
,,,,,,,,,,,,,,,,,,,,,,,,,,,,,,,,,,,,,,,,,,,,,,,,,,,,,,,,,,,,,,,,,,,,,,,,,,,,,,,,
,,,,,,,,,,,,,,,,,,,,,,,,,,,,,,,,,,,,,,,,,,,,,,,,,,,,,,,,,,,,,,,,,,,,,,,,,,,,,,,,
,,,,,,,,,,,,,,,,,,,,,,,,,,,,,,,,,,,,,,,,,,,,,,,,,,,,,,,,,,,,,,,,,,,,,,,,,,,,,,,,
,,,,,,,,,,,,,,,,,,,,,,,,,,,,,,,,,,,,,,,,,,,,,,,,,,,,,,,,,,,,,,,,,,,,,,,,,,,,,,,,
,,,,,,,,,,,,,,,,,,,,,,,,,,,,,,,,,,,,,,,,,,,,,,,,,,,,,,,,,,,,,,,,,,,,,,,,,,,,,,,,
,,,,,,,,,,,,,,,,,,,,,,,,,,,,,,,,,,,,,,,,,,,,,,,,,,,,,,,,,,,,,,,,,,,,,,,,,,,,,,,,
,,,,,,,,,,,,,,,,,,,,,,,,,,,,,,,,,,,,,,,,,,,,,,,,,,,,,,,,,,,,,,,,,,,,,,,,,,,,,,,,
,,,,,,,,,,,,,,,,,,,,,,,,,,,,,,,,,,,,,,,,,,,,,,,,,,,,,,,,,,,,,,,,,,,,,,,,,,,,,,,,
,,,,,,,,,,,,,,,,,,,,,,,,,,,,,,,,,,,,,,,,,,,,,,,,,,,,,,,,,,,,,,,,,,,,,,,,,,,,,,,,
,,,,,,,,,,,,,,,,,,,,,,,,,,,,,,,,,,,,,,,,,,,,,,,,,,,,,,,,,,,,,,,,,,,,,,,,,,,,,,,,
,,,,,,,,,,,,,,,,,,,,,,,,,,,,,,,,,,,,,,,,,,,,,,,,,,,,,,,,,,,,,,,,,,,,,,,,,,,,,,,,
,,,,,,,,,,,,,,,,,,,,,,,,,,,,,,,,,,,,,,,,,,,,,,,,,,,,,,,,,,,,,,,,,,,,,,,,,,,,,,,,
,,,,,,,,,,,,,,,,,,,,,,,,,,,,,,,,,,,,,,,,,,,,,,,,,,,,,,,,,,,,,,,,,,,,,,,,,,,,,,,,
,,,,,,,,,,,,,,,,,,,,,,,,,,,,,,,,,,,,,,,,,,,,,,,,,,,,,,,,,,,,,,,,,,,,,,,,,,,,,,,,
,,,,,,,,,,,,,,,,,,,,,,,,,,,,,,,,,,,,,,,,,,,,,,,,,,,,,,,,,,,,,,,,,,,,,,,,,,,,,,,,
,,,,,,,,,,,,,,,,,,,,,,,,,,,,,,,,,,,,,,,,,,,,,,,,,,,,,,,,,,,,,,,,,,,,,,,,,,,,,,,,
,,,,,,,,,,,,,,,,,,,,,,,,,,,,,,,,,,,,,,,,,,,,,,,,,,,,,,,,,,,,,,,,,,,,,,,,,,,,,,,,
,,,,,,,,,,,,,,,,,,,,,,,,,,,,,,,,,,,,,,,,,,,,,,,,,,,,,,,,,,,,,,,,,,,,,,,,,,,,,,,,
,,,,,,,,,,,,,,,,,,,,,,,,,,,,,,,,,,,,,,,,,,,,,,,,,,,,,,,,,,,,,,,,,,,,,,,,,,,,,,,,
,,,,,,,,,,,,,,,,,,,,,,,,,,,,,,,,,,,,,,,,,,,,,,,,,,,,,,,,,,,,,,,,,,,,,,,,,,,,,,,,