"","Height","Weight","Humerus_Breadth","Femur_Breadth","Arm_Circumference","Calf_Circumference","Subscapular_Skinfold","Suprailiac_Skinfold","Supraspinale_Skinfold","Medial_Calf_Skinfold"
"1",171.25,67.41,6.81,8.31,25.16,27.57,5.95,11.7,14.08,12.78
"2",162.82,55.31,6.91,8.95,25.66,34.76,9.49,1.61,8.02,18.36
"3",166.21,59.64,6.81,8.98,30.92,44.68,9.74,7.9,6.84,7.26
"4",166.35,78.9,6.52,10.16,30.8,37.88,14.9,8.99,3.56,10.16
"5",165.96,66.25,5.89,8.88,27.78,37.38,15.37,18.76,6.22,9.36
"6",156.68,53.84,6.94,8.17,32.56,26.62,19.78,13.47,13.27,8.42
"7",166.77,67.12,6.77,9.15,31.09,29.78,11.33,3.51,5.45,8.05
"8",163.36,81.06,6.88,8.94,20.38,43.14,10.38,19.31,10.96,17.33
"9",172.01,51.18,6.44,8.94,23.88,28.12,1.29,15.16,15.67,13.67
"10",177.42,71.86,6.74,8.23,28.41,34.43,12,3.89,9.27,11.24
"11",170.45,83.58,7.04,9.35,29.96,29.88,11.67,15,13.75,14.54
"12",161.33,59.88,6.45,9.26,29.16,36.76,4.18,3.63,9,9.09
"13",165.38,45.87,6.73,8.35,26.76,29.97,16.41,10.2,14.08,4.7
"14",174.81,53.33,6.92,8.65,30.35,30.79,9.55,6.5,12.47,17.46
"15",169.79,49.22,7.09,10.74,23.95,31.31,8.9,21.35,6.4,7.58
"16",160.62,68.24,7.18,9.42,26.41,33.27,7.87,8.49,12.88,3.38
"17",169.62,59.6,6.29,9.67,31.89,36.92,7.16,4.53,16.54,9.76
"18",156.38,66.18,7.08,8.89,28.58,39.11,17.58,15.33,14.07,19.3
"19",169.4,48.3,6.55,8.27,28.75,32.56,2.74,8.13,8.99,10.51
"20",146.12,59.64,7.19,8.16,28.57,26.15,9.38,6.62,17.9,13.7
"21",165.16,77.56,7.19,8.61,27,30.8,7.52,11.33,18.42,11.62
"22",167.46,69.96,7.03,8.26,32.14,38.56,14.06,14.05,21.74,5.96
"23",179.99,59.2,7.14,9.63,29.13,35.61,12.06,8.08,14.82,7.38
"24",170.33,46.46,7.57,7.73,23.95,39.22,10.73,14.91,10.76,11.77
"25",180.05,64.78,7.24,9.27,32.73,28.63,13.38,9.52,18.78,11.79
"26",167.9,65.29,7.44,11.09,29.8,30.68,14.48,13.93,12.31,9.79
"27",172.25,53.76,6.91,8.24,22.43,36.26,12.44,15.09,6.88,9.56
"28",179.52,38.86,6.79,9.44,20.86,26.51,8.44,8.51,9.34,15.18
"29",173.62,53.98,7.16,9.22,31.48,29.77,11.6,12.11,9.46,4.02
"30",164.42,53.28,6.92,8.7,28.87,31.39,9.36,14.56,7.96,12.6
"31",160.89,43.02,6.76,8.84,24.96,33.05,8.6,11.75,11.4,12.68
"32",169.84,41.81,6.79,9.04,26.59,31.23,11.52,5.25,12.14,9.45
"33",177.6,65.66,6.47,9.86,23.14,35.25,7.54,14.46,16.8,9.22
"34",175.13,76.92,6.64,9.08,25.72,34.77,6.39,4.63,13.27,10.6
"35",168.94,47.76,7.28,9.68,26.62,27.86,10.38,1.05,12.84,16.72
"36",176.16,51.88,7.35,9.51,28.21,31.39,10.62,8.8,6.74,12.48
"37",172.04,67.22,6.01,9.3,22.42,24.59,13.47,5.8,12.25,16.32
"38",189.92,66.62,6.32,9,25.3,28.68,11.35,14.71,10.19,4.68
"39",174.3,76.49,7.49,9.28,23.02,22.11,11.97,8.47,7.3,13.32
"40",167.87,57.87,6.48,7.87,22.9,31.25,11.21,12.39,16.34,6.46
"41",170.89,66.97,6.59,7.67,30.71,39.02,18.27,11.38,12.47,6.7
"42",165.24,68.27,6.39,8.43,21.64,28.06,8.4,5.09,8.11,8.72
"43",173.65,85.63,7.1,9.11,27.02,27.3,9.09,6.8,13.04,9.92
"44",159.9,49.15,7.27,9.69,27.71,22.85,4.84,0.99,12.36,6.37
"45",168.15,61.23,7.01,9.93,29.2,29.94,17.87,5.67,19.65,6.07
"46",170.82,50.82,6.47,9.21,29.45,27.06,8.56,8.43,11.32,4.45
"47",165.15,56.05,6.74,8.02,28.96,25.7,10.25,1.34,12.09,8.82
"48",167.84,45.62,6.64,7.71,29.22,33.17,8.95,14.11,7.53,10.16
"49",172.01,59.11,6.03,9.08,29.36,33.85,13.78,3.99,16.65,7.24
"50",171.09,74.08,7.12,10.34,24.06,23.59,9.55,16.46,12.25,10.74
"51",172.03,55.84,6.11,9.07,32.31,36.35,9.59,12.54,14.5,7.78
"52",182.61,72.52,6.21,10.35,23.76,30.35,14.5,10.87,18.92,11.63
"53",173.85,79.41,6.29,8.02,29.02,39.13,7.57,17.12,21.74,7.95
"54",168.55,56.67,6.94,8.97,25.34,31.46,8.15,11.24,3.71,7.88
"55",164.76,61.64,6.87,9.16,29.11,28.52,7.98,5.54,18.5,10.73
"56",178.21,62.11,7.13,8.32,23.76,30.21,2.9,2.7,11.31,11.42
"57",171.49,64.81,6.49,8.06,25.53,41.02,15.13,6.36,13.93,11.63
"58",163.82,50.61,7.09,9.79,25.23,42.45,11.02,7.55,5.92,10.12
"59",175.24,60.96,6.27,8.4,26.5,32.08,16.26,11.01,14.91,4.25
"60",168.82,52.26,7.01,9.31,29.81,42.21,10.03,11.18,12.87,10.09
"61",164.53,65.13,6.48,9.05,32.38,35.14,16.24,12.44,10.88,12.09
"62",173.38,59.86,7.64,8.96,23.16,36.25,7.23,3.87,12.1,11.45
"63",166.3,76.95,6.31,8.58,28.3,34.15,14.07,9.2,9.72,13.74
"64",188.36,53,6.96,8.49,23.81,30.01,7.68,5.9,6.37,11.57
"65",173.76,55.15,6.35,8.98,27.07,45.39,8.02,10.33,4.79,10.6
"66",178.76,50.68,5.98,8.77,31.19,34.98,17.85,14.91,10.1,6.33
"67",164.54,54.52,6.81,9.67,20.86,39.15,11.29,7.78,12.04,13.08
"68",169.02,72.98,7.32,9.7,24.24,36.71,15.15,15.27,7.6,12.31
"69",183.82,74.41,7.01,9.77,31.36,36.03,12.33,12.88,12.31,5.88
"70",175.69,62.08,6.95,9.23,24.18,34.9,10.2,16.56,16.99,8.76
"71",167.31,54.63,6.37,8.55,25.25,35.35,6.87,14.51,13.22,12.12
"72",172.67,78.77,7.15,8.4,23.48,31.38,1.27,8.62,12.59,13.3
"73",171.77,66.46,7.16,9.14,28.17,33.38,4.26,8.8,5.34,9.32
"74",174.67,65.98,5.93,8.8,31.04,38.51,10.39,5.7,20.83,7.13
"75",168.95,50.96,7.51,9.46,30.19,25.4,9.22,16.98,10.2,5.99
"76",173.07,45.22,6.73,8.32,26.71,34.12,8.77,6.38,6.93,10.41
"77",167.89,49.64,7.24,7.85,25.74,33.43,13.44,15.58,12.38,2.23
"78",169.48,53.04,6.64,9.4,28.07,30.14,13.65,8.14,11.32,13.05
"79",181.59,52.9,6.55,9.49,27.8,36.09,18.99,9.85,15.4,4.74
"80",163.95,72.44,6.72,9.34,30.74,28.01,13.04,3.06,15.86,12.79
"81",161.22,46.56,7.21,10.55,29.38,30.1,13.07,5.58,9.78,11.55
"82",170.25,46.66,7.25,8.15,32.58,24.97,9.5,4.68,6.47,13.59
"83",176.58,59.08,6.99,9.65,32.93,40.69,13.31,7.4,12.23,15.84
"84",180.04,48.94,7.2,8.96,30.88,29.46,11.9,20.21,9.99,7.28
"85",165.66,75.2,7.06,8.48,30.32,33.98,9.66,11.69,11.35,13.3
"86",166.3,63.73,6.63,8.41,27.89,33.66,11.89,3.78,11.67,8.37
"87",164.63,63.53,7.12,8.5,25.84,35.61,7.23,5.14,8.8,10.76
"88",169.07,67.32,6.85,9.19,25.34,32.56,14.81,7.84,9.74,17.96
"89",167.95,67.46,6.25,8.38,25.15,28.93,9.43,14.22,7,11.7
"90",172.92,59.25,6.73,8.96,24.6,37.39,16.98,7.63,15.66,13.19
"91",180.5,64.31,6.23,8.39,27.67,38.24,10.46,5.25,10.99,4.6
"92",169.66,59.1,6.83,8.45,21.34,33.26,14.86,8.91,9.98,9.53
"93",180.55,50.55,6.62,8.09,23.54,31.76,9.37,6.67,16.79,15.56
"94",174.61,69.64,7.74,8.34,20.61,32.66,11.96,2.57,8.21,8.52
"95",175.75,76.98,6.56,9.21,25.84,32.33,10.42,8.13,10.86,17.01
"96",175.23,52.3,6.76,8.85,26.03,23.01,9.14,2.61,11.37,8.4
"97",170.45,70.52,7.16,8.77,30.27,34.55,6.36,13.14,14.71,14.69
"98",166.3,86.33,7.19,8.81,28.76,34.72,11.74,11.11,3.61,4.27
"99",182.97,71.77,6.71,8.88,29.91,28.96,12.37,15.22,11.28,4.12
"100",171.04,66.61,6.51,9.51,23.59,33.28,16.82,11.93,13.47,9.67
"101",181.94,65.1,7.36,9.85,28.67,36.46,11.49,3.66,15.3,10.34
"102",167.03,50.92,6.26,9.98,20.72,27.25,11.05,14.31,12.17,6.7
"103",167.01,54.05,7.11,8.68,26.12,35.28,5.59,8.97,10.32,10.59
"104",170.73,31.89,6.88,8.96,25.37,29.32,8.73,10.67,15.48,14.81
"105",176.43,55.85,7.1,10.38,26.11,23.53,3.37,8.42,5.47,12.41
"106",178.07,77.55,6.71,8.91,19.63,36.49,15.92,6.65,14.47,13.72
"107",183.87,64.64,6.1,9.38,29.54,37.34,15.97,-0.23,-3.15,3.22
"108",174.95,69.05,6.23,8.66,27.2,33.15,9.33,13.11,10.66,6.33
"109",166,60.92,6.4,8.42,27.55,33.1,7.46,7.63,13.12,10.17
"110",172.13,70.11,6.12,8.9,25.25,31.45,12.04,3.59,17.93,10.15
"111",166.7,87.55,6.96,9.02,27.12,36.3,8.08,3.89,20.53,9.03
"112",168.91,45.9,7.17,9.11,27.76,25.96,18.59,6.2,17.08,12.65
"113",170.1,51.49,6.41,8.79,27.75,32.08,6.19,-0.84,16.91,13.1
"114",171.11,65.03,6.49,9.14,26.3,28.86,12.97,11.42,6.58,4.48
"115",168.8,70.09,6.84,9.25,23.5,29.99,2.9,7.19,10.83,5.95
"116",170.21,69.48,6.24,8.86,32.51,33.38,10.8,7.1,20.73,13.76
"117",163.86,68.67,7.93,9.97,29,33.52,10.43,12.94,9.73,12.08
"118",172.74,69.58,7.1,8.3,20.7,30.08,15.25,11.76,10.29,12.41
"119",162.51,52.17,7.16,8.56,28.26,26.71,11.78,15.46,6.12,10.18
"120",185.28,64.37,7.2,10.23,22.27,27.05,12.18,12.6,7.72,2.53
"121",170.61,53.02,6.21,9.35,24.49,36.22,15.17,12.41,18.83,13.26
"122",171.35,36.08,7.07,9.17,20.87,32.41,9.99,14.4,10.88,13.56
"123",169.6,85.98,7.09,9.48,29.13,36.48,12.71,14.91,8.47,10.22
"124",173.69,58.58,7.16,7.51,25.96,33.8,14.3,5.03,10.1,9.69
"125",171.4,67.64,6.93,7.83,27.4,37.31,9.95,13.45,18.47,7.66
"126",178.47,61.14,6.74,9.35,23.04,31.75,10.39,14.95,5.19,8.95
"127",169.6,48.96,6.35,8.96,31.76,35.38,13.33,9.99,13.48,5.46
"128",182.15,41.58,6.93,7,30.47,34.34,19.03,3.83,13.58,5.29
"129",174.77,60.28,6.81,9.83,27.88,37.74,10.12,13.87,14.32,12.6
"130",175.15,71.33,7.11,9.46,22.46,34.22,11.84,8.45,14.87,10.39
"131",174.65,48.75,6.62,8.85,27.16,39.68,8.68,19.88,8.16,10.48
"132",173.27,66.15,7.35,8.92,25.84,40.34,14.02,13.99,7.45,6.34
"133",173.18,45.02,6.75,8.97,27.26,32.69,4.78,4.58,19.02,11.44
"134",171.28,44.28,6.87,8.81,29.03,33.97,11.97,8.81,15.55,18.53
"135",162.74,44.71,6.2,9.04,34.58,46.92,16.42,12.48,9.38,16.84
"136",171.36,77.12,7.04,8.5,27.26,38.06,9.31,5.29,19.16,15.23
"137",175.11,66.99,6.69,8.05,26.96,25.81,19.25,16.04,11.58,11.07
"138",169.07,42.79,6.32,8.13,29.41,35.37,16.27,11.99,17.33,11.97
"139",170.95,70.41,6.93,8.31,26.45,34.83,11.92,11.37,12.01,9.97
"140",168.08,49.65,7.43,8.69,25.08,30.65,13.35,6.75,16.73,12.82
"141",162,70.91,6.71,9.89,24.16,31.57,14.17,5.34,9.61,11.5
"142",168.83,68.72,6.93,9.11,35.73,48.74,17.59,9.65,5.67,1.92
"143",174.83,38.93,6.57,8.62,21.4,27.3,6.93,11.48,13.08,4.65
"144",173.57,76.73,7.14,8.83,36.78,28.99,14.21,9.85,10.31,8.96
"145",169.28,40.61,6.99,9.58,25.18,36.13,16.81,4.93,11.75,9.49
"146",172.08,44.94,7.48,9.27,28.44,34.13,6.13,9.5,16.49,9.89
"147",162.35,62.6,6.47,9.44,25.07,36.56,8.19,14.72,21.22,4.24
"148",164.48,50.05,7.33,9.16,29.01,37.24,8.53,1.87,10.71,13.4
"149",166,39.12,6.86,9.5,22.46,32.53,17.61,4.72,19.55,3.95
"150",164.43,44.05,6.88,9.5,28.16,31.13,16.85,7.75,13,8.95
"151",166.31,65.28,7.13,9.08,29.63,32.01,16.74,8.01,11.02,4.36
"152",169.79,66.1,6.64,8.91,29.67,31.57,14.86,17.61,9.84,7.33
"153",173.88,71.17,7,7.69,34.16,30.4,8.58,3.42,10.44,17.97
"154",165.96,61.85,7.12,7.88,27.99,41.34,13.27,9.69,18.37,10.26
"155",170.82,62.18,6.96,9.33,25.35,31.18,8.4,8.78,8.64,7.11
"156",151.81,68.73,7.04,8.61,23.94,34.43,8.22,11.23,7.87,11.76
"157",172.04,70.4,7.24,8.97,28.77,37.42,12.04,13.77,18.27,8.31
"158",182.31,63.05,6.95,8.69,29.88,24.93,15.32,7.41,12.12,8.48
"159",169.72,36.42,6.95,8.63,28.65,28.63,12.42,6.39,18.13,8.87
"160",173.51,65.89,7.5,9.3,30.82,35.48,14.53,13.46,12.68,15.99
"161",161.83,71.6,7.16,8.7,31.35,36.91,5.62,10.27,11.16,12.36
"162",170.14,65.37,6.98,9.49,23.58,31.04,12.99,15.29,13.74,15.68
"163",166.99,65.79,6.77,8.86,25.71,27.52,13.17,10.95,4.7,17.95
"164",159.17,68.13,6.44,9.43,27.08,28.58,12.38,13.82,4.94,11.47
"165",164.55,59.71,6.87,7.48,31.57,30.44,12.33,12.23,9.54,4.2
"166",164.67,56.83,7.23,9.08,26.06,19.27,12.97,19.44,22.18,12.51
"167",166.91,43.49,7.06,8.53,29.68,37.33,11.03,3.6,7.59,10.65
"168",171.82,54.66,7.26,8.77,26.38,31.85,5.67,0.62,13.27,11.16
"169",172.15,61.62,6.8,9.58,27.94,38.11,10.59,9.11,8.29,9.95
"170",177.27,50.39,6.86,8.46,27.02,32.82,10.75,12.87,14.48,8.22
"171",177.15,69.41,6.82,9.25,27.91,34.58,9.62,8.33,5.66,13.46
"172",175.11,59.84,6.13,9.08,21.05,27.38,14.01,7.74,4.26,9.3
"173",172.33,49.91,6.67,9.02,25.86,32.57,10.93,9.76,9.6,6.93
"174",171.95,85.13,6.49,8.04,29.43,40.52,13.79,2.36,15.63,3.95
"175",170.01,49.93,5.82,9.12,30.55,35.65,7.22,7.69,18.93,5.25
"176",170.53,79.33,6.63,7.2,25.64,42.93,6.22,10.23,8.19,12.3
"177",171.4,61.33,6.44,9.41,27.41,37,2.83,10.91,20.84,9.35
"178",167.41,37.25,7.07,10.11,23.45,30.05,10.62,2.44,17.42,11.98
"179",163.81,54.49,6.8,7.57,26.98,29.24,15.33,9.51,19.09,6.83
"180",163.54,58.84,6.65,8.63,29.86,36.32,5.85,7.53,7.63,3.46
"181",167.19,68.89,6.42,10.19,29.75,32.66,10.1,16.17,13.78,7.73
"182",166.59,46.22,7.11,8.67,27.26,32.59,10.09,14.36,9.03,10.79
"183",182.97,48.06,6.53,9.76,33.09,30.13,4.41,11.87,7.12,5.82
"184",163.59,89.17,7.38,8.83,28.16,22.22,11.76,2.72,12.17,17.55
"185",177.48,91.33,5.98,9.01,23.37,27.6,14.92,9.82,7.12,0.36
"186",180.68,67.23,6.53,9.03,23.83,37.08,9.36,1.37,16.66,7.1
"187",170.13,77.71,6.83,8.47,33.89,32.08,13.46,15.54,16.22,6.43
"188",175.46,43.73,7.03,8.59,30.73,33.74,9.1,13.98,5.15,8.17
"189",158.12,85.75,6.73,8.81,34.63,40.08,12.44,18.36,7.41,16.73
"190",164.01,63.28,7.03,8.64,21.73,26.08,21.02,5.48,15.59,3.14
"191",167.15,61.37,6.25,7.93,26.36,35.19,12.35,7.89,4.18,7.85
"192",168.93,69.09,7.1,10.01,23.16,28.47,6.48,3.7,14.96,14.36
"193",171.63,46.09,6.72,8.45,24.76,33.33,14.22,6.77,16.63,6.94
"194",185.94,63.33,7.27,8.91,24.42,36.06,7.88,12.55,14.11,5.07
"195",168.72,66.68,7.04,9.86,31.7,29.26,1.89,1.03,15.5,5.88
"196",173.74,72.92,6.74,9.8,30.87,30.64,17.38,12.91,19.99,2.07
"197",179.33,63.5,6.53,9.28,31.1,33.87,8.62,9.36,8.1,8.41
"198",165.95,60.71,7.23,8.3,29.47,30.78,6.44,16.5,15.19,7.8
"199",165.83,53.95,6.99,8.5,28.17,34.95,9.89,3.31,13.46,10.06
"200",168.76,64.73,7.11,8.81,24.02,38.37,9.48,12.4,12.69,3.62
"201",163.75,55.21,6.61,9.89,31.42,30.84,8.9,13.82,13.84,11.83
"202",166.08,68.81,6.36,9.16,23.75,33.98,9.4,12.05,7.88,5.91
"203",168.36,56.06,6.23,9.11,32.28,35.89,13.84,13.37,8.14,15.1
"204",176.39,46.05,6.63,9.43,29.24,38.75,5.61,5.59,19.58,7.25
"205",161.59,70.06,6.89,8.86,23.99,33.04,7.71,9.76,8.77,7.93
"206",161.87,65.07,7.16,8.3,31.07,30.65,8.6,6.12,9.48,10.21
"207",174.59,55.06,6.7,10.03,29.61,33.62,11.18,6.35,20.87,13.16
"208",170.37,43.31,6.79,8.82,31.94,27.9,10.54,3.99,6.82,9.22
"209",175.11,85.15,6.74,8.45,28.08,38.04,9.7,8.61,11.98,10.09
"210",167.99,76.83,6.4,8.57,20.61,31.41,12.86,6.82,14.44,11.27
"211",174.83,56.79,6.92,8.56,27.59,38.72,8.82,12.69,3.72,10.93
"212",176.79,60.15,6.27,8.58,22.94,22.81,9.93,7.58,11.19,7.28
"213",174.35,77.13,7.11,8.52,28.87,32.46,14.74,10.67,5.2,15.45
"214",171.37,86.56,6.83,10.49,25.14,28.39,6.65,9.64,9.52,6.62
"215",172.64,39.38,6.27,8.44,31.21,35.13,11.05,11.67,14.57,10.14
"216",168.21,74.16,6.53,7.49,28.19,27.66,14.07,9.93,8.53,4.68
"217",171.1,59.38,6.61,8.66,26.99,32.25,17.76,7.72,15.97,9.87
"218",178.32,49.46,5.99,8.84,33.23,31.91,13.52,9.13,17.27,10.11
"219",172.04,55.06,6.98,9.11,33.06,30.83,7.64,6.12,11.68,12.68
"220",175.67,62.26,6.25,9.85,21.54,26.77,14.4,0.17,13.88,15.04
"221",166.65,71.86,6.73,10.24,25.47,40.05,6.16,9.39,14.32,7.03
"222",171.6,51.93,6.05,9.63,27.84,26.23,10.92,3.59,10.62,12.61
"223",170.35,56.44,7.07,9.1,28.09,29.48,11.91,8.11,14.54,2
"224",179.41,59.84,6.88,8.35,27.68,38.85,8.62,11.26,17.65,8.11
"225",168.4,46.8,7.16,9.22,22.58,34.63,7.3,13.73,15.47,9.52
"226",166.14,63.37,6.56,9.11,28.97,36.35,6.88,8.11,15.47,12.15
"227",173.74,36.24,7.53,9.33,22.16,34.72,10.02,4.58,14.4,14.61
"228",173.3,72.55,7.17,9,25.41,31.81,12.73,1.61,11.06,13.6
"229",173.82,60.12,6.73,8.35,28.2,26.21,9.68,9.2,18.46,8.52
"230",161.29,53.25,6.41,9.14,34.76,34.97,10.2,14.01,10.09,8.08
"231",164.34,34.36,6.77,7.67,25.9,29.73,4.93,12.64,12.92,18.63
"232",168.63,70.54,7.01,9.7,27.73,37.03,11.74,6.91,18.55,6.62
"233",179.6,68.6,6.35,8.49,25.57,26.97,11.02,7.34,10.53,12.07
"234",167.29,62.03,6.31,9.34,22.38,38.31,12.13,13.04,10.66,9.95
"235",170.86,47.48,6.46,8.26,25.52,42.41,7.69,12.25,17.63,5.99
"236",159.81,44.94,7.42,8.69,24.71,29.24,11.96,10.64,9.94,7.7
"237",180.14,61.89,6.81,7.83,27.84,31.69,10.38,14.47,12.36,12.15
"238",170.72,39.48,6.3,10.48,37.88,37.21,15.91,11.88,5.99,14.57
"239",174.19,61.21,6.4,9.02,26.31,26.79,8.63,12.43,15.54,9.04
"240",163.46,51.51,6.83,8.62,28.54,29.39,2.96,8.12,15.51,13.04
"241",172.28,50.53,6.75,9.36,27.56,31.58,12.63,8.48,13.09,6.12
"242",165.5,64.7,6.48,7.71,31.01,30.92,8.74,14.76,12.15,19.46
"243",182.44,41.66,6.86,8.68,28.51,27.62,8.69,13.09,12.82,8
"244",165.53,44.1,6.73,8.2,23.69,31.5,6.38,14.57,8.82,14.94
"245",169.71,76.29,6.57,8.86,23.38,32.54,18.45,7.07,8.55,10.48
"246",168.6,57.85,7.52,9.61,25.48,38.72,10.31,5.93,14.7,1.92
"247",171.06,79.12,6.71,9.88,24.93,34.55,9.04,18.88,15.44,5.24
"248",164.87,59.17,6.44,7.1,27.56,32.75,11.37,14.99,14.7,16.84
"249",175.53,75.62,7.27,9.09,26.45,29.03,11.57,13.31,2.51,7.99
"250",166.42,60.74,6.49,8.98,26.7,25.07,11.59,10.06,7.79,10.29
"251",170.12,63.22,7.06,9.38,26.22,23.11,13.48,15.13,12.84,10.44
"252",165.18,62.53,6.83,8.07,28.25,36.18,13.28,10.42,10.78,9.46
"253",166.75,52.58,6.88,8.81,29.29,41.51,4.87,16.34,16.11,13.13
"254",173.69,57.34,6.3,9.05,24.71,34.85,14.14,17.45,15.8,13.61
"255",186.06,61.31,6.49,7.77,25.09,29.58,8.27,10.04,12.53,8.45
"256",167.42,61.11,6.55,9.41,28.45,29.98,13.13,9.39,10.94,9.2
"257",171.3,60,6.77,7.7,20.6,26.23,6.13,20.33,9.02,12.52
"258",170.31,70.07,7.23,8.21,25.39,33.18,7.05,10.84,8,8.76
"259",169.96,60.67,7.42,9,24.64,36.15,13.79,9.33,12.02,7.21
"260",183.27,65.18,7.61,7.86,22.98,36.6,5.95,9.4,19.54,3.51
"261",172.64,59.81,7.35,8.29,29.93,31.83,13.6,13.83,13.54,4.58
"262",159.89,66.56,5.77,9.07,34.08,28.67,16.65,14.37,12.73,2.71
"263",167.67,85.83,6.68,8.09,31.35,37.72,14.14,7.71,11.56,8.47
"264",173.72,67.41,7.2,9.2,38.51,35.99,10.82,13.51,3.47,5.07
"265",184.43,70.22,6.36,8.78,29.71,32.15,13.82,0.14,14.85,11.33
"266",161.27,66.3,6.59,8.6,25.11,32.41,14.13,3.53,11.8,11.58
"267",176.99,63.39,6.83,9.04,27.91,21.6,9.8,11.54,11.79,19.04
"268",177.89,53.97,7.72,9.3,26.85,28.42,13.85,9.18,6.89,4.13
"269",176.35,68.87,6.75,8.37,27.49,34.75,5.96,8.16,6.64,1.28
"270",161.37,59.54,7.34,8.35,25.84,26.49,9.6,4.48,8.41,19.07
"271",168.8,72.15,7.58,7.61,27.91,35.57,9.59,6.34,7.55,15.96
"272",169.11,73.14,6.52,8.93,29.23,34.41,12.75,9.1,8.17,2.15
"273",163.34,67.01,7.18,8.64,22.09,31.9,11.34,12.93,9.78,5.61
"274",168.68,39.43,7,9.08,30.2,31.07,8.82,10.05,14.35,9.67
"275",159.42,51.31,7.04,7.93,30.14,34.18,10.06,11.73,5.78,9.51
"276",169.65,62.91,6.61,9.12,29.07,30.87,11.75,4.73,8.28,12.96
"277",174.4,43.07,7.35,8.2,25.81,25.89,16.87,3.05,15.36,13.74
"278",171.38,66.97,7.07,8.63,23.38,26.72,12.26,0.64,11.17,7.76
"279",166.37,53.81,7.18,8.92,26.74,33.13,10.92,13.02,17.97,5.75
"280",173.49,53.9,6.59,9.73,30.02,34.9,5.79,7.07,17.34,9.59
"281",170.62,61.62,6.85,8.98,35.96,27.39,10.34,-2.44,16.65,7.38
"282",162.89,68.75,6.41,9.35,34.59,30.64,17.49,16.21,12.02,7.97
"283",167.64,46.56,7.16,9.63,25.53,38.05,9.35,8.78,14.68,7.4
"284",173.46,44.65,7.41,9.32,25.54,29.11,6.81,9.58,13.96,11.78
"285",168.06,54.03,6.84,8.54,24.79,34.5,6.97,8.89,23.02,14.76
"286",179.95,69.58,6.26,8.45,29.12,31.25,12.06,10.69,22.22,12.74
"287",163.25,62.19,6.77,8.59,28.46,22.27,6.78,12.65,16.21,8.58
"288",177.99,55.52,7.2,10.68,27.97,36.91,2.59,5.74,17.17,4.04
"289",163.14,78.75,6.76,10.51,21.91,28.93,7.77,13.95,12.3,11.9
"290",179.4,70.25,6.37,8.57,24.54,40.49,11.85,14.09,8.53,10.78
"291",171.19,44.64,7.1,9.18,25.63,29.66,10.35,21.16,13.73,11.58
"292",173.56,45.44,6.07,9.38,34.34,31.85,4.77,16.89,13.19,19.14
"293",160.77,85.73,7.59,9.57,22.89,32.16,8.07,11.09,8.7,6.53
"294",172.44,95.36,6.48,9.24,33.55,27.3,10.25,4.62,11.82,4.71
"295",176.67,62.19,7.07,9.08,30.9,38.73,10.47,16.67,7.14,2.35
"296",167.31,64.12,6.49,9.42,26.49,40.72,14.13,2.15,13.57,10.4
"297",173.24,73.56,6.42,9.09,26.43,32.36,9.71,1.19,15.79,9.34
"298",189.2,62.87,6.31,8.63,26.23,27.07,7.95,11.57,17.83,11.4
"299",174.34,67.43,7.24,9.01,27.04,31.42,6.86,12.98,16.16,0.47
"300",169.69,81.7,6.88,8.11,30.33,35.21,0.89,6.08,10.33,10.66
"301",182.14,90.59,7.5,8.95,19.93,32.08,18.39,7.79,14.02,5.08
"302",170.81,49.64,6.71,8.91,25.23,31.73,15.28,9.58,6.53,11.06
"303",170.13,69.88,6.81,8.07,27.6,40.22,16.2,13.52,10.5,17.05
"304",168.78,77.92,6.38,8.53,30.52,38.18,6.97,8.28,14.23,10.91
"305",172.55,69.11,6.52,8.92,24.58,39.21,8.28,6.85,18.7,11.54
"306",159.39,63.55,6.29,7.97,28.73,31.65,3.83,20.3,8.35,4.59
"307",167.26,67.19,6.6,8.28,25.82,33.21,5.18,7.45,14.59,10.36
"308",168.82,57.65,6.91,7.92,23.12,34.82,10.42,15.15,15.48,9.23
"309",164.94,49.27,7.06,8.65,30.76,27.43,9.73,5.23,10.78,6.94
"310",179.12,63.92,6.37,9.85,29.03,26.73,6.38,12.24,7.95,9.14
"311",167.91,75.21,8.14,9.19,24.96,41.46,14.03,15.33,13.47,6.93
"312",169.36,58.58,6.8,8.99,31.81,31.08,7.33,3.93,13.15,8.63
"313",173.07,54.74,7.42,8.75,23.87,37.54,14.88,14.25,13.45,10.1
"314",171.92,49.13,6.94,9.7,31.41,30.1,18.42,10.52,15.02,7.41
"315",183.12,54.06,7.26,9.21,29.86,26.62,13.19,4.85,10.04,12.83
"316",169.3,77.58,6.96,8.76,27.92,33.16,10.8,6.38,7.86,15.27
"317",173.47,65.12,6.84,9.72,28.03,22.1,16.69,4.18,13.2,7.65
"318",176.13,79.37,6.57,8.74,23.28,32.7,12.3,12.41,16.61,5.31
"319",168.64,63.95,7.06,9.19,25.4,31.58,25.1,9.05,17.76,7.8
"320",169.32,51.72,7.08,8.73,26.69,35.14,10.24,7.59,20.16,7.39
"321",165.67,47.54,6.37,8.97,28.94,38.69,13.04,8.56,12.09,6.13
"322",173.43,58.02,6.96,9.1,30.66,27.97,17.62,6.51,7.44,10.18
"323",160.12,49.91,6.79,8.56,26.13,32.51,11.78,8.9,19.38,8.32
"324",177.68,63.29,6.2,9.89,27.25,29.79,8.15,11.76,9.43,9.17
"325",176.86,83.85,7.07,7.8,21.14,36.17,8.52,7.99,13.88,11.49
"326",167.77,52,6.57,8.88,27.32,34.57,13.62,13.95,11.17,9.14
"327",173.44,49.73,7.17,8.75,28.85,39.51,12.85,3.87,20.06,10.16
"328",166.9,29.55,6.79,9.91,31.19,32.87,8.93,3.47,14.25,3.38
"329",185.25,74.27,6.97,7.84,29.09,35.72,9.2,4.6,11.21,6.75
"330",173.2,54.87,6.54,8.63,26.76,26.75,9.88,22.96,15.69,9.51
"331",177.73,64.3,7.97,8.24,24.84,25.25,15.56,8.65,8.69,12.94
"332",174.75,64.66,6.67,8.58,30.88,31.92,17.75,14.34,14.09,16.99
"333",177.65,56.81,6.65,9.08,29.02,31.23,9.91,2.06,9.19,4.77
"334",179.98,59.84,6.46,8.08,29.03,39.88,15.61,22.64,7.43,7.82
"335",173.85,67.45,6.83,8.94,26.28,28.33,8.26,15.87,6.01,2.97
"336",183.24,66.62,7.15,8.75,22.73,31.49,6.76,10.32,17.62,13.67
"337",168.8,47.12,6.88,9.05,27.63,39.7,15.28,10.77,17.97,11.77
"338",171.92,52.68,7.38,9.32,30.34,33.82,6.36,1.41,14,11.66
"339",168.28,49.44,6.23,9,27.44,44.2,9.97,19.22,12.91,14.68
"340",169.39,51.08,6.35,9.2,24.1,34.47,13.47,10.07,14.07,7.14
"341",180.01,39.49,6.56,9.33,29.62,34.61,15.09,10.9,7.54,11.54
"342",160.81,68.38,6.72,9.1,27.68,29.9,11.69,12.86,7.96,5.64
"343",173.95,69.14,6.4,7.14,28.47,36.56,9.59,13.2,12.91,2.51
"344",181.21,90.79,6.34,8.99,29.43,29.14,12.74,5.13,14.87,16.08
"345",174.64,41.38,6.36,9.09,27.85,25.36,11.64,9.75,20.34,12.11
"346",179.1,58.2,7.16,9.17,24.93,29.54,8.32,5.19,14.46,7.39
"347",164.25,54.4,6.42,8.01,29.43,33.26,5.88,8.6,11.09,11.82
"348",171.82,56.96,6.6,8.12,33.01,27.82,12.11,6.85,9.33,7.63
"349",165.66,45.19,7.15,9.56,23.94,28.78,10.75,1.53,15.85,13.01
"350",170.82,69.51,6.09,10.34,24.41,27.08,10.11,15.47,15.72,8.93
"351",169.92,84.53,7.38,8.38,26,36.34,12.84,11.16,16.53,9.71
"352",178.46,67.59,6.21,8.72,26.31,28.17,7.18,18.06,10.56,5.45
"353",162.75,59.95,7.26,9.2,27.73,37.07,19.63,8.22,9.97,16.44
"354",168.58,58.26,6.35,8.76,25.83,30.69,9.59,4.14,16.85,6.12
"355",171.63,47.51,6.17,8.79,29.66,29.09,11.72,6.13,18.01,5.35
"356",171.39,51.29,6.9,7.12,18.32,33.97,9.27,4.13,8.97,6.32
"357",168.09,56.1,7.09,8.88,24.66,31.03,13.27,12.41,12.53,3.14
"358",174.88,45.73,6.98,10.19,33.46,24.5,10.02,12.37,16.47,-0.02
"359",167.1,54.95,7.09,8.67,27.04,27.25,6.3,4.78,16.39,8.39
"360",171.92,67.94,7.19,9.24,26.47,32.85,7.81,11.2,24.49,13.39
"361",170.26,48.14,6.79,8.56,23.77,34.16,17.03,10.91,16.6,5.71
"362",177.87,79.16,7.06,9.69,27.75,37.73,10.92,19.84,11.32,12.09
"363",169.8,66.45,6.55,9.07,23.52,29.42,8.49,6.28,7.82,9.97
"364",168.58,56.45,7.07,8.82,31.02,34.83,17.56,3.81,15.48,5
"365",161.27,63.88,6.54,8.38,21.76,32.17,10.74,4.86,8.68,6.88
"366",177.5,62.79,6.69,8.54,25.7,38.99,14.18,3.71,9,11.11
"367",167,62.34,7.05,8.92,22.16,36.92,13.22,10.15,9.53,14.88
"368",167.01,69.43,6.77,8.71,33.69,39.33,7.77,19.81,12.75,5.39
"369",170.22,69.35,7.23,9.73,28.66,32.36,9.26,14.1,13.31,3.2
"370",164.39,61.99,5.58,8.9,26.4,29.2,8.33,8.67,10.54,9.1
"371",167.47,55.67,6.75,9.39,29.54,39.24,13.65,10.97,12.44,5.38
"372",168.58,55.77,6.13,10.02,27.14,34.02,11.73,8.71,16.24,14.77
"373",168.9,70.32,6.34,8.34,23.53,36.32,12.02,12.5,18.32,7.74
"374",178.8,71.72,7.02,8.75,35.17,29.23,13.32,11.05,16.29,19.39
"375",170.83,62.51,7.27,9.03,26.29,30.77,17.69,2.65,22.48,10.02
"376",160.98,53.41,6.57,9.38,28.65,34.41,4.6,2.44,3.52,5.09
"377",174.03,79.43,6.39,9.16,25.94,33.74,15.81,6.6,14.98,14.74
"378",184.27,67.62,6.83,9.25,18.99,29.9,6.81,9.85,12.56,9.1
"379",171.49,39.92,6.36,9.15,27.48,28.48,12.27,19.49,17.65,8.36
"380",179.56,83.09,6.82,9.12,28.59,38.65,12.4,15.26,14.71,7.76
"381",170.66,50.09,6.8,9.49,32.55,38.6,11.59,11.63,18.88,5.17
"382",178.65,68.73,6.3,9.32,30.52,31.05,2.3,4.76,16.41,10.31
"383",166.98,72.07,6.83,8.58,29.2,41.18,9.94,15.06,11.77,8.28
"384",168.14,47.14,6.91,7.65,29.13,31.3,10.69,10.47,18.51,11.71
"385",164.78,57.51,7.27,9.26,26.1,39.64,6.68,8.17,12.3,7.66
"386",163,69.56,6.27,8.75,27.13,38.85,16.02,5.88,7.8,10.62
"387",167.64,44.11,6.51,8.12,23.15,31.13,9.25,15.12,6.62,6.72
"388",166.22,61.32,6.55,9.19,25.67,36.93,12.82,0.68,16.38,12.72
"389",165.86,66.56,6.46,10.03,27.88,38.54,9.64,9.08,15.49,7.81
"390",177.74,52.75,7.59,8.19,31.39,47.3,11.3,13.12,17.94,13.73
"391",170.92,62.1,7.58,8.67,28.69,41.05,8.9,6.11,14.53,5.22
"392",169.12,67.88,6.81,9.12,27.8,29.68,13.37,19.22,17.83,13.07
"393",170.73,56.41,6.95,10.44,26.18,36.32,16.21,9.12,0.05,2.55
"394",166.44,65.85,7.78,8.1,24.59,38.06,13.15,11.81,4.92,9.07
"395",174.08,76.13,7.25,8.76,28.14,44.73,12.69,5.86,12.09,5.2
"396",168.57,55.69,7.28,9.88,28.99,37.23,16.78,6.87,16.13,2.48
"397",165.85,56.36,6.77,8.98,30.4,31.19,15.69,4.49,14.97,13.92
"398",175.63,55.47,6.53,8.4,21.92,35.32,16.28,15.25,16.37,9.46
"399",171.01,63.12,6.86,8.35,26.86,41.47,5.93,9.3,15.01,13.81
"400",160.14,62.33,6.69,9.52,35.05,30.08,6.97,7.9,17.51,12.41
"401",176.99,44.08,6.61,8.95,25.27,29.11,14.64,5.71,10.18,11.68
"402",166.24,74.07,6.84,8.68,25.25,33.44,17.07,-1.81,2.36,7.56
"403",168.22,44.37,7.19,9.03,25.94,25.42,8.06,3.43,12.94,11.65
"404",180.98,51.29,6.74,8.7,27.6,31.04,14.24,8,18.15,21.74
"405",165.51,66.3,6.55,7.65,22.92,38.55,5.17,15.32,5.27,6.02
"406",170.61,55.46,7.07,8.82,24.38,34.77,9.98,12.41,4.17,3.38
"407",165.04,69.54,6.52,7.94,26.3,38.33,4.83,11.03,18.5,6.42
"408",178.92,61.31,6.61,7.97,22.62,17.3,6.9,17.14,10.28,14.12
"409",174.84,51.8,6.65,8.51,28.47,31.57,12.44,10.51,6.28,11.43
"410",167.17,50.68,6.36,9.27,28.08,33.52,9.56,7.77,4.84,8.55
"411",166.06,62.94,6.41,8.81,29.13,33.32,10.22,9.52,14.05,2.54
"412",176.97,65.32,6.68,8.61,23.22,32.03,11.44,12.28,11.5,10.76
"413",177.79,50.51,7.42,9.3,28.95,32.68,10.09,18.33,11.79,0.92
"414",175.26,70.73,7.17,8.55,26.66,30.35,10.37,15.39,13.67,13.46
"415",180.45,60.63,6.29,8.8,28.54,35.49,13.43,11.39,14.48,4.07
"416",167.45,55.58,6.53,9.08,26.63,29.02,9.41,13.77,10.11,9.95
"417",178.69,79.62,6.97,9.57,25.65,29.84,9.09,7.27,3.4,6.4
"418",169.26,42.43,6.96,8.72,27.6,32.33,14.7,9.53,16.12,12.61
"419",164.03,51.64,6.29,9.51,25.18,39.18,11.81,5.56,17.34,7.89
"420",175.1,82.3,6.7,9.54,29.39,30.94,5.44,7.14,14.86,11.14
"421",173.14,51.18,6.6,9.87,27.19,32.91,12.76,13.14,15.51,7.27
"422",171.33,46.57,6.6,8.82,23.34,32.3,11.83,6.11,13.51,11.98
"423",178.74,52.84,6.88,9.2,29.52,31.4,11.86,4.2,11.27,17.77
"424",163.55,71.26,6.94,9.35,24.21,29.12,4.36,4.69,9.92,9.34
"425",169.77,83.3,7.57,8.62,30.75,36.92,15.5,4.73,14.14,11.71
"426",175.11,87.66,6.35,8.75,27.03,33.29,9.83,3.56,13.07,12.81
"427",174.38,77.35,6.92,9.3,24.96,41.76,8.31,4.61,12.56,14.54
"428",166.51,61.87,7.28,9.37,24.62,19.11,8.97,10.2,17.18,10.26
"429",179.79,47.69,6.97,8.79,24.29,32.51,9.77,8.67,8.64,17.98
"430",172.19,78.43,6.48,9.09,21.72,31.54,11.98,7.32,14.86,9.87
"431",169.27,59.5,6.61,7.7,33.77,35.66,5.26,9.72,7.84,6.17
"432",163.09,69.22,5.93,9.67,24.89,44.44,9.48,11.78,13.12,11.93
"433",169.16,52.42,6.87,9.63,25.84,30.77,3.72,2.89,13.86,2.06
"434",178.64,54.94,6.13,9.12,28.31,35.56,8.54,10.37,15.37,8.45
"435",187.67,47.71,6.4,8.64,20.7,32.32,16.8,9.41,10.29,7.3
"436",167.96,53.01,7.3,8.56,25.49,37.45,11.44,7.03,13.68,5.98
"437",185.68,43.25,7.07,8.94,28.93,31.93,11.95,8,18.69,5.81
"438",163.91,57.82,6.76,8.91,32.31,26.13,11.84,5.85,15.54,10.33
"439",167.55,40.38,7.44,10.29,28.35,31.29,5.04,12.35,24.24,3.78
"440",172.83,40.59,6.47,10.71,29.28,29.47,12.53,5.07,7.22,12.87
"441",169.77,76.01,7.15,8.39,26.04,39.74,13.58,14.93,21.35,11.85
"442",162.52,65.63,6.37,9.02,23.69,37.84,16.76,8.68,11.48,3.04
"443",171.6,53.42,7.33,7.95,27.09,30.78,15.05,11.24,13.84,9.63
"444",176.31,50.5,7.23,8.2,30.73,29.63,5.83,2.87,13.87,2.41
"445",170.55,48.54,7.21,7.61,24.96,32.25,11.28,12.5,5.54,12.05
"446",169.41,50.5,6.92,9.92,31.18,36.36,10.13,13.51,17.92,5.43
"447",179.64,68.78,7.65,10.03,27.26,31.82,15.77,12.41,3.07,6.2
"448",182.72,57.17,7.05,7.82,21.9,23.14,13.17,17.03,7.39,8.32
"449",174.11,56.7,7.09,7.84,26.64,36.98,16.26,10.56,18.81,11.93
"450",167.94,61.27,7.24,8.43,36.02,30.97,10.04,19.9,14.02,6.22
"451",174.52,57.84,6.66,8.4,25.64,37.17,13.25,9.15,14.48,8.91
"452",180.33,59.45,6.86,8.78,30.99,30.3,15.31,16.65,19.88,3.52
"453",172.25,81.45,7.24,9.26,25.34,29.6,15.19,16.35,14.71,11.17
"454",177.58,79.95,6.55,7.62,26.52,36.17,11.87,11.49,8.6,11.52
"455",164.16,61.73,6.53,8.05,28.96,32.85,18.47,0.64,15.56,12.63
"456",175.63,76.76,5.91,8.95,27.47,33.06,6.25,8.76,9.06,4.36
"457",170.7,72.12,7.17,10.03,33.29,38.76,16.59,17.13,18.4,13.28
"458",164.27,81.89,6.2,8.01,20.83,37.75,15.8,4.67,4.73,9.84
"459",168.06,38.65,5.9,9.4,30.08,26.96,17.51,3.85,8.06,16.11
"460",164.43,49.94,7.17,9.46,26.19,25.9,12.52,13.9,14.98,21.98
"461",163.46,60.67,5.86,8.99,25.26,37.56,14.44,2.69,10.92,9.63
"462",181.32,33.97,6.82,7.81,28.82,28.67,10.66,14,8.81,10.22
"463",166.66,68.09,6.46,9.05,31.14,32.86,4.75,17.41,23.2,8.7
"464",169.31,62.56,6.63,7.79,30,38.85,12.89,9.9,15.61,11.44
"465",173.31,70.25,6.96,9.16,28.12,31.17,9.57,17.41,9.01,6.29
"466",169.59,64.49,6.89,8.56,25.05,28.23,10.06,8.76,12.68,6
"467",187.38,78.64,6.63,9.88,34.55,32.54,15.9,12.19,7.66,12.19
"468",175.34,74.88,7.44,8.59,26.81,28.88,10.27,6.47,13.21,5.44
"469",166.01,71.69,6.93,8.87,33.83,25.12,8.89,10.02,16.71,17.23
"470",168.34,51.58,7.53,8.4,30.66,31.89,10.97,11.13,20.3,8.14
"471",165.22,79.13,7.05,7.59,28.37,34.6,10.5,-1.37,15.29,10.75
"472",168.68,59.62,6.65,8.94,29.43,29.66,12.96,10.14,17.56,8.04
"473",180.39,43.43,6.49,8.3,30.44,28.49,7.69,15.66,12.49,9.85
"474",171.66,54.41,6.84,8.8,26.74,36.35,7.17,8.25,13.02,6.6
"475",164.99,58.01,6.69,8.72,22.48,36.24,18.16,9.12,12.51,15.19
"476",171.85,54.21,6.81,8.7,23.06,28.17,11.42,4.42,15.67,14.6
"477",167.14,62.31,6.91,9.52,22.06,36.35,10.95,6.35,7.86,7.42
"478",177.16,59.18,7.19,8.26,31.2,25.8,15.33,7.15,12.41,12.52
"479",174.62,68.73,7.24,7.5,30.84,35.81,12.1,11.01,17.6,4.09
"480",171.23,48.74,6.97,9.15,27.88,30.18,13.79,16.81,12.09,-4.02
"481",159.99,81.95,6.99,9.36,22.21,31.94,11.77,5.27,16.98,6.47
"482",169.03,85.62,6.82,7.85,21.66,36.32,12.07,8.7,10.62,8.11
"483",166.12,80.66,6.15,8.15,29.66,33.75,15.93,7.72,12.64,15.53
"484",180.08,41.84,7.17,9.8,28.33,26.18,16.66,-1.52,22.91,15.44
"485",176.63,37.74,7.37,8.9,28.5,31.37,7.66,13.32,20.27,6.04
"486",163.3,48.53,6.91,6.65,31.29,23.81,8.6,6.8,16.9,6.45
"487",166.29,66.14,6.68,8.55,28.62,23.15,6.01,11.55,9.83,11.96
"488",165.4,65.83,7.21,8.45,26.52,32.59,12.85,7.42,16.66,10.02
"489",175.51,45.2,5.86,8.03,37.35,32.57,11.82,12.71,16.47,13.33
"490",171.28,55.76,7.13,10.48,27.08,28.35,7.61,13.89,13.36,11.22
"491",166.04,69.57,6.77,7.68,21.72,31.07,11.35,5.63,13.52,14.43
"492",169.66,59.63,6.68,9.48,29.48,37.49,11.64,6.06,15.02,12.12
"493",168.99,60.81,6.19,10.13,30.08,30.9,11.17,3.31,14.55,16.65
"494",165.23,76.11,6.96,9.4,27.67,33.77,12.39,13.97,10.67,3.8
"495",173.33,50.24,7.15,8.16,28.99,32.43,13.44,1.75,12.24,15.83
"496",173.14,57.38,7.26,10.07,24.63,24.72,11,6.77,9.61,12.21
"497",164.24,89.71,6.56,8.74,28.79,29.66,8.01,11.98,10.73,12.51
"498",169.8,68.06,6.23,9.66,32.63,31.81,15.55,13.17,9.68,13.58
"499",171.6,52.06,6.09,8.14,26.98,34.3,3.55,15.44,17.91,6.75
"500",166.99,55.74,7.3,9.8,25.89,38.52,12.85,9.81,1.01,11.94
"501",173.78,72.74,6.49,7.43,31.92,37.71,10.38,8.74,11.56,18.64
"502",160.89,61.75,7.21,8.67,28.17,35.26,14.45,8.2,17.11,5.8
"503",164.78,67.89,6.86,9.39,26.65,41.03,16.58,4.06,15.63,3.69
"504",177.74,68.01,6.6,8.63,32.74,24.73,13.75,3.35,16.08,6.87
"505",178.35,42.9,6.61,8.69,34.33,36.65,12.06,15.46,10.47,7.06
"506",176.34,51.53,6.65,8.33,32.36,28.73,8.91,14.23,11.54,5.6
"507",168.89,65.17,6.38,8.6,25.92,28.29,5.94,9.83,13.11,6.91
"508",176.42,59.7,6.03,9.56,26.58,37.1,15.18,12.49,8.95,15.06
"509",181.44,53.74,7.09,8.62,28.94,36.22,9.38,10.23,13.19,9.99
"510",185.79,51.68,7.35,8.69,20.37,34.56,14.3,-1.71,21.05,9.83
"511",165.05,67.39,6.55,8.83,26.9,24.84,5.45,15.08,14.42,12.3
"512",176.27,57.03,7.13,9.13,23.68,35.76,14.86,6.12,14.19,8.8
"513",179.54,54.16,6.93,8.89,21.31,30.48,7.95,18.26,10.05,10.37
"514",167.12,46.13,6.92,8.73,25.48,30.16,7.36,10.81,14.1,6.4
"515",175.59,45.1,7.62,9.9,29.12,31.69,8.36,7.96,10.12,7.89
"516",166.44,75.66,7.16,8.6,25.08,35.5,4.2,13.59,9.76,12.47
"517",167.18,78.1,6.11,8.25,26.61,31.04,10.54,14.08,7.97,10.49
"518",163.81,62.99,7.7,9.27,24.76,28.07,12.85,11.73,13.16,8.77
"519",171.77,59.39,6.48,8.73,30.35,30.63,15.59,17.71,7.15,7.95
"520",167.53,57.89,6.79,8.02,27.69,36.45,18.42,11.23,10.43,11.44
"521",163.13,57.32,6.63,9.38,27.26,28.22,5.31,7.7,14.1,4.82
"522",182.32,56.4,6.55,8.97,36.17,26.2,9.71,7.41,18.39,4.72
"523",166.11,61.22,6.52,10.13,27.54,34.24,8.62,15.05,9.9,9.65
"524",162.2,55.62,7.2,8.3,28.68,34.68,16.93,13.04,15.83,14.24
"525",178.04,58.82,7.35,7.89,31.15,30,17.19,8.75,17.29,8.37
"526",173.67,71.7,6.37,9.08,27.84,39.22,8.78,3.76,8.51,7.12
"527",165.94,64.98,6.59,9.1,28.95,34.81,6.81,6.99,13.32,10.08
"528",167.37,46.29,6.75,9.51,25.95,32.65,10.96,13.84,17.88,5.7
"529",152.77,78.47,6.7,9.06,30.17,31.13,12.58,3.69,16.41,5.64
"530",167.16,61.62,6.74,10.06,35.27,35.93,13.91,8.32,16.23,3.08
"531",166.39,59.95,6.4,9.6,30.52,34.83,10.67,9.47,11.25,3.74
"532",171.47,66.43,5.95,8.91,29.82,32.12,9.01,-1.8,9.2,5.94
"533",164.64,51.08,6.83,9.72,22.56,31.74,7.09,12.56,14.48,3.67
"534",183.06,61.93,7.5,9.55,32.13,29.41,9.93,19.2,13.19,4.74
"535",175.3,47.33,7.32,8.86,25.22,42.61,18.31,8.79,9.09,9.39
"536",169.94,53.82,6.83,8.32,28.95,29.07,5.57,6.17,17.09,3.43
"537",177.64,54.11,5.95,8.01,28.46,32.51,10.44,8.12,19.44,9.5
"538",162.47,77.47,6.17,9.02,27.57,37.28,11.72,10.54,2.54,12.55
"539",165.82,76.73,6.28,8.78,26.14,30.86,7.88,14.4,9.6,4.41
"540",162.3,68.44,6.69,9.18,23.53,28.79,13.74,12.59,9.31,11.24
"541",174.08,76.25,6.97,8.71,24.63,24.72,8.84,15.19,15.27,3.57
"542",164.03,60.02,6.23,9.74,27.62,36.42,16.83,7.83,3.33,7.6
"543",187.41,54.15,7.01,7.74,26.52,31.34,14.02,16.96,13.48,14.4
"544",175.1,61.38,6.58,8.3,29.07,35.71,11.71,6.86,12.11,9.22
"545",171.07,84.89,6.33,8.41,31.7,40.45,15.56,12.96,9.19,11.46
"546",161.09,40.94,7.04,9.97,23.02,40.15,8.51,8.18,14.65,6.36
"547",167.27,78.08,7.03,9.95,30.37,35.26,11.35,11.59,20.49,3.44
"548",175.7,55.39,6.9,8.81,27.36,27.09,8.65,13.86,12.09,7.39
"549",162.25,54.52,6.83,9.54,21.11,32.57,11.42,4.23,17.15,19.98
"550",165.27,59.48,7.09,9.05,23.01,39.27,16.43,8.87,25.57,13.97
"551",176.42,57.85,6.76,9.78,24.97,32.59,10.26,8.19,12.64,3.55
"552",174.8,59.62,6.99,8.98,26.86,30.43,16.61,9.61,7.64,6.56
"553",167.94,59.14,6.43,7.26,27.79,28.98,12.62,10.23,11.07,7.63
"554",173.55,59.34,6.39,8.75,25.78,38.91,4.51,11.4,26.51,4.99
"555",162.41,40.16,6.68,9.38,31.73,33.94,16,2.27,8.25,4.19
"556",177.03,55.63,7,9.04,31.47,37.41,8.41,3.26,9.8,8.74
"557",168.72,47.87,7.19,9.08,32.14,30.39,11.64,7.79,12.47,4.59
"558",167.55,66.65,6.93,8.21,22.18,19.41,12.05,14.34,11.11,6.13
"559",178.56,55.27,6.7,10.43,31.82,35.26,14.04,16.36,8.73,7.44
"560",175.19,56.47,6.92,8.4,30.13,29.58,17.85,6.36,14.8,5.93
"561",183.61,57.51,7.34,8.8,28.24,23.16,17.08,14.56,10.58,10.05
"562",171.5,46.48,6.62,8.81,29.68,26.83,10.87,9.22,13.58,4.7
"563",174.48,60.13,6.45,9.78,22.04,35.75,15.32,5.83,12.66,12.1
"564",162.23,53.98,6.52,7.72,26.57,31.09,11.9,12.34,17.07,7.11
"565",173.5,60.49,7.17,9.63,32.58,26.69,8.19,4.12,8.55,6.86
"566",168.95,60.54,7.14,8.23,24.85,28.88,12.65,16.02,16.69,4.93
"567",172.35,35.26,7.33,8.33,28.23,30.1,14.17,5.79,14.27,11.38
"568",175.97,59.32,7.08,9.12,24.99,29.07,10.3,15.46,11.38,11.59
"569",179.25,67.6,7.08,10.01,24.77,29.35,12.48,0.98,16.83,11.01
"570",171.13,64.5,6.86,8.75,29.07,29.84,8.15,4.83,11.97,10.92
"571",173.03,41.7,6.75,9.37,28.9,29.9,7.08,7.25,15.04,0.37
"572",172.3,71.98,6.24,10.11,27.86,35.5,13.85,11.75,15.49,10.74
"573",156.94,76.56,6.8,9.25,28.33,39.3,10.45,4.77,16.11,16.85
"574",165.89,44.83,6.19,8.71,26.11,36.2,13.57,10.64,23.34,6.72
"575",167.53,50.87,6.94,9.62,27.96,26.01,13.34,8.86,23.04,7.45
"576",176.53,63.81,6.31,7.35,20.13,38.87,8.88,6.44,19.81,5.72
"577",171.31,45.63,6.8,9.72,25.99,27.36,13.06,1.13,16.67,9.69
"578",179.93,64.63,6.8,8.11,31.08,30.8,11.97,5.23,20.4,13.2
"579",167.69,67.53,7.21,9.64,26.08,36.25,13.62,5.88,19.25,11.87
"580",172.08,48.32,6.47,9.43,23.92,45.55,16.42,5.47,18.87,19.69
"581",173.99,56.31,6.34,8.92,27.93,31.72,12.72,13.9,14.56,17.54
"582",169.62,60.44,7.16,8.44,25.02,29.53,11.77,13.56,3.62,9.06
"583",171.48,94.41,6.89,9.27,30.14,32.62,10.73,16.91,5.82,12.84
"584",166,79.69,6.61,9.72,24.77,28.83,12.82,8.39,17.44,15.66
"585",169.27,59.58,7.23,9.73,23.19,33.94,2.84,10.76,13.35,13.67
"586",173.44,63.02,6.4,8.62,31.5,31.22,9.14,12.6,21.55,14.61
"587",164.95,60.75,6.61,7.9,31.74,38.85,8.05,7.34,14.7,9.57
"588",170.27,55.12,6.42,8.55,28.58,32.17,6.39,8.13,6.72,11.35
"589",174,62.36,7.07,9.26,26.35,41.41,7.54,6.22,12.74,8.29
"590",161.16,66.35,6.39,8.21,28.02,31.27,9.73,5.65,14.27,9.36
"591",153.44,55.3,6.44,7.42,26.15,19.66,20.09,22,13.8,8.01
"592",176.84,71.77,6.7,9.13,21.61,29.83,14.48,15.54,8.72,10.23
"593",176.88,66.95,7.46,9.49,25.82,30.73,10.62,-1.98,9.29,10.04
"594",175.81,55.74,7.31,8.7,26.11,33.17,15.67,7.49,10.85,9.08
"595",163.46,63.54,6.61,8.04,32.25,23.83,9.29,9.24,6.41,14.78
"596",174.51,46.39,7.19,9.24,25.68,26.79,12.42,3.28,15.02,12.66
"597",161.63,64.94,6.58,9.59,27.16,39.71,8.76,15,21.22,12.89
"598",174.63,70.8,6.25,8.14,28.03,40.86,17.54,18.31,10.56,8.64
"599",163.08,61.38,5.89,8.31,25.98,40.06,17.65,15.11,4.85,9.5
"600",167.47,59.56,7.01,9.51,24.96,38.63,10.26,2.23,8.33,6.8
"601",166.81,62.97,6.52,9.05,29.02,32.37,4.58,9.06,6.11,13.22
"602",170.3,49.88,6.35,8.46,28.82,31.3,10.8,10.94,2.63,12.41
"603",170.57,35.82,6.63,7.65,35.24,34.47,8.28,10.23,9.62,10.55
"604",179.01,73.51,6.93,8.04,36.26,41.82,12.41,8.79,14.9,9.43
"605",157.23,72.28,6.69,8.6,29.8,35.09,9.12,12.34,9.72,16.77
"606",169.34,57.69,6.77,8.53,25.6,33.5,16.62,2.75,5.34,5.46
"607",163.37,64.25,7.14,8.08,26.71,31.13,-1.87,21.42,8.45,14.47
"608",174.14,72.53,6.54,9.84,26.66,27.95,11.9,9.54,3.55,8.21
"609",176.63,58.54,7.04,9.99,24.38,34.79,7.91,3.36,10.93,12.12
"610",171.11,41.9,7.45,8.15,26.96,34.72,18.3,12.62,14.25,13.16
"611",168.33,49.9,7.03,9.44,26.56,31.52,8.23,12.11,10.94,13.48
"612",168.14,59.19,6.76,9.24,31.23,35.3,13.25,8.69,17.6,7.95
"613",179.97,71.53,7.06,8.41,29.07,28.24,8.14,12.57,13.55,9.26
"614",154.11,51.68,6.89,8.33,28.94,24.16,13.36,5.1,12.75,15.52
"615",183.53,88.44,6.86,8.02,28.23,33.21,7.09,20.85,24.33,8.97
"616",178.07,60.81,6.78,9.76,28.81,31.66,6.96,9.24,11.01,11.19
"617",167.73,36.82,6.8,7.79,23.47,26.43,6.97,1.18,7.22,6.24
"618",163.9,62.57,6.74,9.21,24.71,32.6,12.33,11.24,20.33,12.57
"619",175.3,61.17,7.22,9.93,26.36,39.67,15.53,5.14,15.73,1.85
"620",179.12,52.87,6.91,9.66,25.43,31.46,10.07,12.79,12.14,8.83
"621",172.2,61.69,7.48,8.72,33.66,39.32,2.8,13.4,13.06,14.91
"622",176.05,61.37,6.88,10.9,32.5,31.09,8.85,9.15,13.87,11.19
"623",179.45,67.03,6.5,9.4,23.97,32.81,2.01,13.47,23.37,9.54
"624",169.92,81.51,6.81,7.89,29.91,36.42,12.85,15.48,15.3,7.28
"625",161.43,61.92,7.24,10.35,28.02,38.41,16.17,5.24,13.87,11.88
"626",170.84,82.19,6.83,9.51,25.81,31.81,8.8,9.9,9.53,12.6
"627",167.04,61.83,6.87,8.01,27.76,25.42,10,10.5,5.77,5.42
"628",178.72,59.57,7.07,7.81,25.47,37.3,12.5,12.4,4.49,4.52
"629",177.36,69.85,6.25,8.77,27.47,30.63,4.24,17.81,6.27,5.66
"630",169.02,59.47,6.59,9.36,27.29,43.15,10.73,16.3,8.38,13.36
"631",164.46,70.67,7.84,8.72,25.17,39.45,13.25,6.99,18.65,8.29
"632",153.97,76.41,7.48,9.52,26.93,32.46,10.81,7.92,15.93,14.83
"633",161.72,53.28,7.14,8.99,24.32,28.23,17.4,16.25,17.47,5
"634",161.82,56.1,6.26,9.31,29.89,38.51,8.68,10.03,15.62,4.22
"635",173.6,44.6,6.94,8.4,25.44,35.16,6.99,16.77,10.32,3.21
"636",178.16,68.84,6.66,8.6,27.3,31.62,7.02,0.89,25.53,2.98
"637",181.49,61.07,7.53,8.41,29.13,35.41,9.29,9.9,12.6,14.24
"638",164.28,59.73,6.61,10.3,25.46,34.44,12.09,12.6,14.8,12.52
"639",180.79,72.24,6.25,9.51,26.68,38.89,6.6,6.33,13.77,4.41
"640",173.82,41.08,7.69,8.08,29.5,29.84,6.83,5.34,10.29,19.01
"641",185.38,67.53,6.78,8.13,24.67,29.52,8.57,23.64,17.92,8.84
"642",174.81,62.07,6.7,8.56,24.59,24.53,10.87,6.6,2.33,11.44
"643",164.57,59.96,7.48,8.9,26.13,23.06,7.62,10.24,8.38,11.55
"644",178.39,53.51,6.97,8.11,27.13,24.01,16.23,8.11,16.94,11.09
"645",162.93,73.51,6.02,10.85,20.13,31.62,10.32,3.01,14.89,3.3
"646",163.54,68.59,6.94,9.32,21.89,39.23,11.44,14.84,15.04,6.46
"647",159.23,51.3,6.51,8.87,29.03,26.75,6.83,14.18,3.78,10.99
"648",178.11,72.27,6.1,7.92,32.28,39.94,5.48,11.62,13.84,12.96
"649",168.55,73.07,6.57,9.33,26.03,40.83,13.75,2.09,4.22,11.3
"650",169.99,61.92,6.39,9.75,23.65,33.06,8.31,6.62,17.99,15.82
"651",165.77,48.48,6.78,8.82,28.73,30.41,8.23,6.8,13.06,4.56
"652",158.02,63.54,6.56,8.89,27.28,33.05,13.9,12,13.93,11.71
"653",162.22,68.67,6.48,9.35,29.65,35.1,6.84,7.75,16.78,7.9
"654",167.29,45.72,6.97,7.88,32.63,34.78,11.15,16.44,9.79,17.74
"655",176.68,78.54,7.34,9.25,33.66,38.71,13.95,11.05,10.77,10.05
"656",175.41,60.32,6.53,8.59,26.38,33.03,15.52,13.19,12.52,14.1
"657",181.3,55.13,7.16,8.19,32.02,33.31,7.89,11.66,10.48,9.72
"658",171.32,65.06,7.08,8.36,33.79,25.75,9.74,7.56,20.13,9.04
"659",167.13,40.28,6.91,8.66,26.87,35.89,8.72,5.43,12,12.87
"660",163.26,50.56,7.43,7.28,24.58,29.48,12.19,1.92,13.06,11.95
"661",161.2,72.67,6.35,8.99,32.01,28.03,5.55,3.75,3.01,12.91
"662",170.89,79.35,6.56,9.34,27.9,30.71,12.77,9.48,10.27,11.89
"663",167.02,59.74,7.06,9.42,28.57,26.25,16.81,15.72,12.87,12.43
"664",163.07,71.56,6.63,9.12,26.82,34.9,12.83,4.39,6.08,15.91
"665",163.85,57.34,6.46,9.5,25.34,24.84,11.92,10.22,3.47,7.17
"666",182.18,66.68,6.9,8.26,28.94,36.87,13.83,8.82,17.8,2.45
"667",180.96,35.98,6.88,9.32,17.35,27.85,11.63,18.83,12.21,7.08
"668",167.02,47.58,6.75,9.85,25.36,22.32,12.55,6.13,8.24,16.57
"669",172.49,66.15,6.52,8.9,28.89,30.07,8.52,3.92,0.83,14.13
"670",164.75,60.4,6.71,9.88,26.63,32.06,8.91,2.59,9.55,1.92
"671",173.24,52.7,6.64,8.05,23.78,35.97,12.96,12.34,18.44,6.12
"672",166.02,68.8,7.24,8.88,30.05,30.36,13.57,13.01,9.75,12.8
"673",176.13,50.07,6.94,9.99,21.54,30.84,16.11,12.3,9.35,10.19
"674",169.59,61.55,7.02,8.17,26.83,33.77,7.56,8.34,15.03,9.16
"675",177.06,50.24,6.51,8.32,29.35,24.2,8.79,9.12,8.21,14.08
"676",168.14,67.01,6.58,7.57,29.79,32.63,16.88,15.3,7.54,11.06
"677",159.25,59.73,7.32,10.36,25.88,38.87,9.71,4.48,10.56,6.74
"678",171.72,64.39,6.83,8.39,27.09,34.1,5.52,14.87,14.11,11.73
"679",163.68,34.76,6.75,7.64,26.45,34.45,14.03,9.48,12.11,17.37
"680",164.82,58.84,7.01,10.07,28.09,36.25,12.37,6.57,9.46,11.32
"681",171.88,58.03,5.95,8.6,22.42,38.57,15,4.05,7.46,11.72
"682",170.15,40.48,6.84,8.8,25.11,38.1,9.7,9.48,10.93,17.13
"683",164.19,66.88,7.21,9.55,27.39,40.53,9.83,3.71,9.87,14.99
"684",163.56,64.84,7.61,8.01,36.53,28.27,11.19,12.71,24.43,13.71
"685",169.44,37.08,6.94,8.39,28.46,42.33,6.12,13.62,8.69,4.62
"686",177.86,73.6,6.67,8.67,29.15,35.22,13.1,15.4,6.15,3.94
"687",158.06,52.61,6.98,7.55,27.6,35.54,16.46,5.56,7.35,11.46
"688",170.99,59.51,6.85,9.04,26.27,27.76,13.48,9.64,12.71,9.01
"689",178.73,76.47,7.11,8.42,25.6,39.06,8.57,15.71,13.19,7.73
"690",168.32,57.18,7.14,9.06,29.63,34.07,11.08,12.45,11.5,6.52
"691",166.06,75.5,7.01,8.42,26.67,33.31,6.15,17.67,15.73,9.04
"692",167.69,51.08,7.38,8.14,27.25,37.83,8.57,17.85,15.41,9.72
"693",174.62,39.24,7.13,7.45,27.26,35.55,16.2,5.38,17.41,12.15
"694",180.18,69.4,7.17,9,28.13,25.36,1.99,14.57,19.12,14.63
"695",171.37,53.88,7.18,7.1,26.57,25.12,12.93,11.96,11.15,16.8
"696",165.66,67.82,6.85,8.83,27.77,32.49,12.71,5.33,24.03,4.47
"697",170.6,62.7,6.54,8.89,25.97,38.67,10.1,3.21,11.4,15.34
"698",179.92,59.93,6.8,8.97,25.59,35.74,12.77,5.91,17.46,10.14
"699",172.79,31.82,7.68,7.9,28.93,34.55,10.4,9.49,12.45,6.8
"700",175.32,58.97,6.9,9.76,29.44,43.44,13.99,8.2,9.76,13.01
"701",165.39,55.32,6.47,9.02,27.99,43.24,12.68,2.12,18.72,14.66
"702",175.7,54.08,6.83,7.29,29.16,37.6,8.97,10.75,7.33,14.53
"703",167.96,57.42,6.94,8.59,29.74,32.18,14.4,9.74,14.83,14.16
"704",177.83,46.08,6.99,8.58,28.09,27.18,9.76,17.51,7.86,8.76
"705",172.59,65.5,6.79,9.77,26.63,32.63,16.7,13.09,20.37,12.5
"706",174.17,60.97,6.2,9.56,27.86,33.28,15.66,9.21,11.05,8.38
"707",187.08,36.97,5.95,7.83,27.03,26.87,13.78,8.06,15.07,14.22
"708",165.34,91.47,6.92,9.5,25.5,30.03,13.81,10.2,19.56,5.64
"709",178.38,63.2,6.55,8.88,22.88,33.21,6.41,9.24,21.56,7.09
"710",169.39,46.35,6.73,8.16,27.48,27.07,17.76,19.32,14.69,12.14
"711",165.34,61.44,6.91,10.44,27.78,33.01,12.41,10.43,15.15,11.26
"712",170.68,75.16,7,8.36,31.34,34.29,10.11,10.36,17.38,8.58
"713",173.27,81.88,6.89,8.04,25.28,29.28,8.16,10.68,6.98,13.78
"714",172.58,70.66,6.96,9.61,24.55,29.64,10.96,3.59,17.8,13.74
"715",180.6,58.09,6.59,8.98,30.29,33.05,15.61,7.47,12.8,9.83
"716",165.93,51,6.33,9.19,25.15,31.67,7.2,5.05,12.73,14.18
"717",164.68,56.97,6.38,9.34,23.94,27.38,11.03,5.92,10.05,11.32
"718",170.28,60.77,7.41,9.3,29.49,35.48,-0.07,3.73,13.22,14.24
"719",179.28,65.02,6.33,10.29,28.79,35.21,8.69,19.83,18.97,11.65
"720",183.76,70.63,6.69,9.49,22.94,34.69,13.37,14.76,18.9,6.24
"721",171.01,58.95,6.65,9.49,27.36,31.2,3.27,14.74,14.02,12.29
"722",162.27,55.98,7.37,9.46,20.07,32.21,13.73,18.45,12.01,6.75
"723",169.7,67.02,6.96,9.57,26.69,34.5,7.94,15.91,11.47,6.65
"724",167.11,45.19,6.48,8.76,28.11,32.55,7.43,4.73,21.05,5.99
"725",174.87,52.7,6.3,8.41,22.8,40.95,11.7,16.21,17.31,10.17
"726",173.12,48.31,7.13,8.59,29.35,47.26,9.75,2.59,9.46,8.12
"727",178.23,69.82,6.42,9.53,29.18,26.92,13.37,9.67,18.17,7.66
"728",170.35,48.1,6.13,9.04,35.05,37.41,10.13,8.05,11.3,9.04
"729",160.33,93.08,6.81,8.95,25.54,26.25,15.41,10.13,8.14,9.68
"730",177.93,55.24,6.29,9.26,27.85,32,7.6,5.23,11.48,2.83
"731",165.95,69.49,6.75,9.4,26.94,38.02,12.75,10.74,16.8,10.03
"732",164.97,56.27,6.41,9.59,22.59,37.87,6.89,-0.29,11.64,9.96
"733",164.53,74.3,7.05,8.06,31.83,27.43,12.57,12.82,15.4,11.58
"734",170.97,73.11,6.82,8.57,29.46,35.52,2.67,10.63,10.09,12.65
"735",164.06,60.23,6.71,9.77,22.67,41.97,10.17,5.59,11.61,14.66
"736",175.53,57.36,7.31,10.02,31.5,37,7.77,14.66,16.87,7.71
"737",165.07,68.53,6.92,8.44,29.84,31.2,15.29,1,11.69,9.49
"738",177.48,72.15,6.65,8.96,26.53,29.04,12.02,10.73,20.67,15.33
"739",173.38,64.96,7.03,8.09,26.43,26.63,14.06,9.75,18.11,11.52
"740",164.42,67.07,6.81,8.83,27.95,32.51,14.18,7.71,15.7,11.22
"741",171.62,47.39,7.31,8.32,32.5,23.17,8.93,10.55,7.68,11.26
"742",164.48,54.03,6.59,9.32,28.57,31.08,11.73,1.02,15.07,5.53
"743",165,53.52,6.69,9.43,24.74,29.22,12.82,5.38,11.56,10.43
"744",170.97,75.18,7.17,9.38,28.25,39.22,10.68,15.28,15.66,12.6
"745",179.8,75.06,7.16,8.9,26.08,31.09,18.06,5.62,18.59,13.5
"746",177.09,78.49,6.32,7.88,23.16,29.58,12.78,13.25,7.01,1.55
"747",160.59,45.41,6.54,8.6,28.26,28.43,12.29,8.62,16.67,8.57
"748",162.88,46.6,6.85,7.92,29.4,33.79,15.61,10.47,11.87,6.4
"749",171.16,56.7,6.8,7.51,29.73,27.63,11.08,9.08,11.49,13.68
"750",167.67,63.75,6.37,8.16,24.97,29.21,15.86,9.93,2.92,10.44
"751",177.27,50.4,6.96,8.85,30.19,39.04,2.96,11.59,10.47,6.94
"752",180.63,49.79,5.96,8.65,22.75,32.62,11.61,4.76,11.62,6.33
"753",182.18,45.86,6.91,9.88,29.51,29.91,12.7,19.72,15.39,21.1
"754",169.16,71.89,6.09,8.87,26.27,44.31,7.23,10.03,9.62,4.65
"755",177.56,76.18,6.38,8.69,28.84,30.47,9.03,10.47,10.24,3.7
"756",174.25,77.98,5.83,8.11,28,34.41,10.13,17.65,15.21,10.83
"757",167.22,76.96,6.94,7.58,24.03,31.11,11.71,6.42,12.55,11.28
"758",172.3,68.41,6.29,8.99,25.79,30.07,9.64,4.76,16.44,5.29
"759",165.2,67.68,6.74,7.68,28.9,32.85,11.83,16.64,15.76,12.6
"760",171.32,72.74,6.97,7.67,23.59,32.44,7.36,13.07,18.24,6.22
"761",172.37,63.46,7.38,9.72,26.67,21.86,9.25,6.94,10.12,8.88
"762",175.74,50.55,6.9,10.64,32.43,37.63,6.25,9.7,12.44,3.28
"763",167.83,65.32,7.47,9.33,23.07,22.82,8.83,7.42,12.63,10.91
"764",172.04,52.55,7.48,8.93,28.6,35.06,16.69,9.29,17.36,2.44
"765",172.32,63.58,7.11,9.71,24.17,39.81,11.99,20.4,9.56,7.6
"766",168.44,59.35,6.58,10.11,24.66,23.78,4.5,14.37,14.89,9.38
"767",167.68,51.63,6.21,9.32,25.91,27.92,12.21,8.44,11.42,1.96
"768",169.37,64.15,7.36,9.01,27.66,34.2,9.56,16.39,14.09,14.18
"769",164.03,54.11,7.01,8.45,23.16,33.17,6.9,9.82,16.74,12.31
"770",170.86,49.24,7.1,8.8,29.68,34.24,8.27,0.63,13.68,4.66
"771",171.79,59.49,6.56,9.26,30.49,33.85,10.64,8.59,16.56,9.1
"772",163.29,68.35,6.52,9.35,32.72,26.29,6.02,12.07,16.98,9.65
"773",166.36,71.28,6.51,9.14,28.4,32.6,13.45,15.26,17.87,9.06
"774",177.42,73.03,7.03,8.72,34.1,31.74,11.5,16.6,0.6,6.6
"775",171.01,61.73,7.48,9.31,27.67,30.77,14.43,13.49,5.02,12.88
"776",160.62,77.5,7,9.3,31.75,32.73,14.33,10.22,18.27,8.43
"777",177.84,51.44,6.52,8.45,28.65,38.61,6.51,21.66,9.13,6.68
"778",163.64,59.64,5.85,10.12,28.05,31.25,12.99,6.55,15.6,16.12
"779",168.4,52.41,6.72,8.41,27.92,34.14,14.7,8.61,22.48,12.9
"780",162.2,75,6.48,9.81,27.8,30.5,9.77,5.71,14.88,13.52
"781",180.56,53.82,7.12,8.04,30.5,30.65,7.3,15.81,4.46,8.82
"782",171.83,68.99,6.18,8.94,22.75,26.69,10.28,23.23,15,17.34
"783",163.89,78.36,6.3,8.81,27.14,30.21,17.47,1.39,15.08,6.3
"784",168.81,49.9,5.98,8.77,24.34,30.26,12.34,12.89,14.47,7.78
"785",173.95,60.91,6.47,9.61,25.1,33.74,10.58,12.58,15.55,8.63
"786",164.73,80.68,7.31,8.87,26.87,26.87,9.84,11.69,8.41,10.32
"787",173.66,72.71,7.26,7.77,24.49,34.41,14.53,7.02,11.5,7.85
"788",169.29,58.85,6.52,9.1,23.29,29.66,6.73,14.58,15.7,10.62
"789",163.25,71.05,6.58,8.79,27.66,34.4,11.22,-0.27,11.31,8.08
"790",173.5,56.17,6.67,9.32,21.14,39.77,6.36,2.63,12.49,18.28
"791",165.45,68.34,7.63,9.48,26.21,27.67,9.13,4.67,12.33,8.4
"792",162.53,72.12,6.87,9.19,25.18,32.54,9.95,6.97,11.88,7.38
"793",174.33,54.33,6.71,8.75,29.3,27.07,10.15,2.4,11.2,10.45
"794",171.36,58.53,6.96,8.45,26.65,30.25,4.95,5.95,9,10.22
"795",177.21,70.57,6.89,8.73,25.67,27.71,12.99,13.42,12.11,16.8
"796",166.73,69.78,6.98,9.55,24.39,41.11,14.36,11.25,14.37,8.89
"797",166.88,69.18,7.35,8.71,21.61,26.05,14.58,10.25,17.76,9.58
"798",167.7,69.55,6.71,8.87,28.8,36.26,7.81,14.74,10.93,8.4
"799",166.49,38.89,6.84,7.55,25.8,35.71,15.51,15.34,12.74,10.3
"800",168.6,47.42,7.58,8.1,33.74,37.01,3.25,8.25,20.72,8.56
"801",167.37,43.48,6.5,9.25,20.71,30.24,11.72,10.78,6.28,18.27
"802",173.34,74.1,6.72,8.68,31.12,38.65,7.17,13.76,8.99,11.01
"803",170.83,53.03,6.3,9.11,25.36,36.01,5.01,9.86,13.48,4.99
"804",169.46,55.08,6.5,8.55,29.99,36.15,4.29,10.31,15.37,4.47
"805",175.05,58.23,6.73,7.95,24.37,39.86,17.23,10.13,13.61,4.86
"806",168.11,71.16,6.95,8.85,28.03,27.81,5.82,11.77,10.25,10.9
"807",175.1,58.41,6.46,8.82,24.73,37.57,11.85,9.1,14.45,4.41
"808",174.74,51.4,5.78,8.75,31.32,33.19,9.36,16.26,6.94,9.29
"809",158.9,66.42,6.81,8.52,23.41,33.48,15.15,7.86,17.79,4.49
"810",161.78,66.61,6.11,8.88,26.88,38.9,12.02,5.92,14.06,6.21
"811",174.95,48.73,6.57,7.46,34.05,33.37,15.27,3.35,15.01,7.65
"812",168.12,56.46,6.49,10.22,27.29,26.61,9.85,6.95,11.89,12.7
"813",175.25,76.07,6.32,9.54,26.6,36.95,11.22,9.86,12.13,5.41
"814",161.12,67.93,7.05,9.61,29.77,40.76,15.95,11.22,5.8,5.09
"815",165.53,71.44,6.48,8.57,28.14,34.71,14.83,1.77,10.07,10.57
"816",164.06,64.86,7.75,10.23,26.54,34.77,11.99,11.81,16.08,10.53
"817",175.89,61.96,6.74,8.68,29.43,31.46,10.86,21.22,15.64,7.91
"818",176.67,70.94,6.84,9.2,26.08,30.57,10.32,10.03,20.33,6.27
"819",165.71,61.17,6.62,8.77,29.3,32.25,11.24,6.2,8.62,4.44
"820",178.49,64.32,6,8.71,26.78,42.29,18.15,4.52,15.64,9.43
"821",173.73,42.74,6.1,10.45,29.32,35.4,10.54,8.6,14.73,6.4
"822",166.24,50.68,7.74,8,28.39,34.93,20.77,13.73,2.15,10.33
"823",173.46,56.12,6.51,7.55,27.07,23.78,10.37,13.5,13.77,10.55
"824",175.41,75.53,6.84,9.31,30.06,27.69,10.75,8.87,14.04,2.4
"825",175.99,65.4,6.69,9.62,26.2,30.4,5.16,6.31,7.97,8.45
"826",171.57,65.4,7.51,9.17,26.16,30.89,9.27,14.93,16.07,15.91
"827",165.11,54.19,7.27,8.5,33.32,34.54,7.95,3.14,16.33,5.24
"828",169.76,73.21,6.22,8.48,23.95,29.13,11.99,19.83,14.21,7.42
"829",165.18,62.18,6.73,8.08,23.58,37.1,8.31,11.32,5.91,6.96
"830",168.54,60.3,6.4,10.1,22.84,37.65,8.04,15.29,12.87,7.87
"831",171.48,65.02,6.5,11.2,29.19,40.55,5.07,16.24,9.03,9.68
"832",181.39,72.93,7.09,8.7,29.2,26.91,10.17,1.55,16.3,7.82
"833",166.76,55.77,7.17,10.07,20.15,29.1,8.1,1.74,9,8.72
"834",172.38,60.73,6.76,8.21,27.53,27.79,12.45,11.19,20.28,10.82
"835",170.12,60.9,6.83,8.8,31.83,34.69,11.05,13.63,10.84,6.66
"836",172.7,51.36,6.87,8.78,31.55,39.03,9.31,6.44,15.03,13.03
"837",181.06,82.64,6.97,8.54,30.41,35.66,10.45,10.32,15.75,9.98
"838",174.55,45.92,6.3,8.92,24.59,37.48,12.05,8.5,9.02,3.51
"839",167.24,49.69,6.21,8.62,32.7,28.82,8.68,3.39,6.71,9.22
"840",174.35,70.72,7.3,9.18,32.03,42.29,11.39,9.3,11.94,10.28
"841",164.8,26.19,7.83,9.56,26.37,28.14,13.89,18.7,9.91,13.52
"842",174.26,73.46,6.49,9.74,27.33,31,9.07,8.94,16.39,7.33
"843",171.39,62.48,6.45,7.7,29.36,29.67,12.71,11.17,18.09,13.95
"844",175.37,45.9,6.78,11.14,26.31,36.12,6.35,20.33,11.09,9.7
"845",168.28,64.5,6.93,9.42,25.81,40.35,13.69,10.31,22.18,7.17
"846",178.93,63.84,7.36,8.2,34.6,35.38,8.41,5.34,14.27,15.56
"847",167.73,61.97,6.53,9.37,31.55,30.2,13.3,4.68,12.96,9.9
"848",178.9,60.84,6.94,8.42,26.46,33.1,14.28,4.9,21.66,9.08
"849",167.92,49,7.2,9.41,26.62,35.69,15.24,11.14,20.12,18.19
"850",165.62,52.61,6.84,10.39,27.47,28.23,15.76,12.2,22.78,16.05
"851",173.71,55.54,5.97,8.52,31.6,23.78,10.59,4.13,11.8,7.73
"852",165.56,45.71,6.59,9.59,24.12,35.42,9.16,12.55,21.06,11.57
"853",172.35,78.09,6.61,10.09,27.1,29.39,14.23,12.78,16.31,10.77
"854",173.94,72.4,7.16,7.93,26.35,34.71,10.24,4.89,9.88,8.55
"855",174.77,40.07,6.59,8.57,26.31,31.01,14.6,7.35,7.65,0.25
"856",168.19,57.57,6.51,9.1,28.61,33.02,4.59,13.55,10.48,16.79
"857",177.84,60.55,6.5,8.98,29.14,25.9,12.37,18.34,13.56,9.09
"858",170.14,48.73,6.98,8.4,25.16,34.04,6.94,8.77,11.02,11.05
"859",173.12,63.94,7.41,8.79,32.29,29.55,10.94,8.44,7.79,7.86
"860",172.34,82.96,6.51,10.58,29.11,25.61,8.64,2.53,22.61,8.82
"861",179.23,60.41,6.21,8.58,29.97,37.46,4.84,13.13,8.33,12.39
"862",170.5,63.97,6.39,8.59,21.81,31.33,12.7,21.38,12.21,10.78
"863",175.55,55.94,6.86,9.17,28.88,27.35,10.48,5.87,5.08,1.94
"864",166.68,51.82,6.04,8.71,30.26,42.24,15.35,6.77,12.15,14.97
"865",170.51,64.5,6.92,7.79,32.09,37.24,20.87,0.82,17.96,4.41
"866",165.49,71.42,6.87,8.65,31.13,36.29,13.99,12.51,4.58,1.49
"867",173.16,48.01,7.05,8.89,29.74,25.33,17.1,12.09,13.06,18.87
"868",168.22,44.42,6.91,9.92,25.66,33.76,2.94,15.55,1.38,9.16
"869",180.3,83.8,6.98,8.77,27.58,42.2,8.28,2.52,15.04,5.38
"870",176.29,61.91,6.91,9.22,29.18,27.39,9.81,7.19,17.94,9.98
"871",181.35,70.5,6.73,8.53,25.5,35.17,11.55,9.08,14.07,9.43
"872",173.1,53.01,6.87,9.57,32.26,28.61,12.05,5.41,14.21,5.1
"873",175.86,79.02,6.29,10.5,27.03,27.97,14.31,6.22,17.81,11.5
"874",179.15,68.4,6.89,7.07,33.71,28.64,11.47,18.6,11.13,11.75
"875",177.97,59.29,6.82,8.81,30.66,38.34,8.88,7.77,13.77,13.2
"876",169.36,54.77,6.51,8.29,24.52,29.18,9.1,11.13,14.28,10.96
"877",182.05,50.47,6.75,8.66,30.11,26.75,11.99,1.26,16.89,11.86
"878",168.6,61.85,7.41,8.9,31.99,35.24,13.6,9.38,12.35,7.34
"879",174.32,74.05,6.66,9.52,28.57,34.17,16.19,15.04,13.88,17.96
"880",162.59,59.56,6.61,8.82,21.05,35.75,13.39,6.62,12.99,14.04
"881",181.73,48.09,7.32,9.26,23.67,39.27,10.07,6.42,10.28,11.62
"882",171.28,43.79,6.44,8.84,34.22,28.16,6.87,10.38,7.99,10.49
"883",169.03,62.1,6.73,8.06,22.99,33.42,15.33,14.6,17.91,8.91
"884",161.83,55.46,6.81,8.87,28.85,31.22,11.01,12.78,19.53,10.92
"885",167.18,69.91,6.56,7.62,31.33,33.78,12.93,13.14,13.88,6.66
"886",184.51,72.49,6.97,10.15,28.95,36.7,12.92,2.44,14.66,6.09
"887",161.48,34.86,6.69,8.53,25.32,27.87,13.5,6.6,15.21,9.35
"888",166.41,47.79,6.23,8.71,28.69,33.5,4.48,13.47,8.3,7.28
"889",175.33,57.87,6.49,7.62,25.58,36.26,16.09,7.69,19.94,10.58
"890",173.54,55.96,6.78,9.5,25.28,32.08,12.22,9.35,8.88,4.24
"891",181.82,58.84,7.21,7.92,25.24,45.39,18.61,15.78,14.96,10.91
"892",173.45,65.76,6.97,8.83,31.03,31.02,8.21,1.03,10.76,6.56
"893",165.61,55.33,7.49,9.76,27.13,34.99,5.57,13.32,19,13.65
"894",177.23,57.01,6.05,8.5,26.09,24.66,12.86,9.27,17.52,14.56
"895",171.92,41.05,6.92,8.74,31.16,25.36,11.69,5.9,10.71,13.82
"896",181.28,59.67,7.45,9.7,22.52,32.53,10.78,11.93,10.55,4.33
"897",171.31,50.07,6.63,8.25,26.79,31.34,11.83,12.68,13.59,5.37
"898",180.64,49.6,7.37,7.93,32,33.15,7.76,13.34,13.83,1.85
"899",166.59,58.42,7.52,8.84,28.84,33.98,3.12,9.66,9.64,10.17
"900",185.54,55.08,6.36,9.44,27.41,37.74,4.58,3,9.12,5.86
"901",168.66,69.11,6.49,7.55,31.26,27.21,12.2,8.5,6.74,6.55
"902",169.9,45.37,6.31,8.89,34.17,23.74,6.03,1.65,4.66,6.95
"903",165.47,58.23,6.81,8.48,26.22,38.36,7.25,6.52,14.18,9.33
"904",166.45,62.83,6.95,9.24,28.09,35.12,13.2,7.63,15.1,3.64
"905",171.55,61.02,6.39,8.14,28.11,36.92,2.85,12.95,17.84,5.05
"906",169.92,71.12,6.57,8.56,30.64,30.96,10.43,5.39,5.95,6.45
"907",172.3,54.25,6.28,10.76,23.94,40.69,5.01,7.59,9,6.06
"908",169.25,59.13,6.06,7.73,24.18,30.78,10.65,20.78,10.75,9.08
"909",186.9,49.89,6.7,9.43,25.46,30.39,18.68,7.06,10.48,14.72
"910",173.79,96.07,6.53,8.8,29.76,24.84,2.1,9.3,4.67,6.05
"911",173.45,55.4,7.26,7.97,23.93,27.87,14.61,12.21,17.33,8.13
"912",173.25,44.3,7.1,8.72,29.61,40.17,4.04,14.9,6.59,16.98
"913",175.34,45.78,7.4,8.65,29.2,35.46,6.62,2.63,18.05,5.79
"914",174.44,41.2,6.89,9.28,22,34.94,11.19,12.44,11.29,9.3
"915",173.2,58.88,6.38,8.68,26.37,37.39,11.4,8.96,12.62,9.11
"916",171.53,56.03,7.44,8.82,32.48,29.63,16.01,15.08,16.11,10.88
"917",168.73,52.39,6.64,8.86,24.63,26.13,11.16,9.59,11.86,11.41
"918",174.43,48.38,7.13,9.83,25.15,34.13,6.06,11.38,1.93,12.71
"919",180.74,47.83,6.57,8.9,25.48,36.33,14.72,11.03,10.13,16.28
"920",174.26,70,7.46,8.56,30.07,34.46,9.32,8.72,12.11,12.93
"921",177.12,65.39,7.19,8.07,25.87,30.31,17.01,8.35,12.32,7.82
"922",180.04,44.09,6.9,9.08,25.16,30.57,12.53,4.96,5.13,7.69
"923",175.69,63.18,6.62,9.28,26.03,41.83,12.18,9.2,12.93,9.4
"924",167.96,64.27,7.48,10.36,30.5,32.83,7.64,1.39,13.74,10.31
"925",172.95,47.75,7.01,9.12,26.68,35.16,6.95,10.99,11.27,12.59
"926",174.24,79.47,6.92,9.06,22.05,35.16,11.7,5.42,12.35,7.2
"927",169.57,41.84,6.98,8.63,22.61,25.29,11.18,14.01,13.64,7.09
"928",164.51,77.87,6.55,8.49,21.79,38.1,11.11,6.66,21.01,3.78
"929",170.17,71.15,7.23,8.13,34.5,31.04,0.57,8.49,12.55,5.02
"930",165.15,56.02,7.05,8.74,27.32,43.2,15.31,8.15,12.6,13.07
"931",175.85,49.87,6.89,7.61,21.58,24.85,10.19,7.45,11.28,7.38
"932",176.16,65.87,6.92,7.77,34.15,36.52,13.26,16.56,10.34,5.02
"933",174.71,67.35,7.11,8.45,27.05,24.34,11.81,12.97,7.68,12.43
"934",161.5,44.18,6.91,8.67,28.5,26.76,10.18,13.54,13.14,19.74
"935",177.02,61.63,6.78,9.77,29.75,34.23,8.92,11.57,19.97,10.55
"936",173.37,46.18,7.93,9.24,24.18,29.14,13.1,9.01,17.78,18.24
"937",172.95,70.4,6.15,8.25,30.18,32.01,10.55,5.77,11.35,12.92
"938",177.75,55.28,7.03,8.63,33.93,35.51,9.28,10.4,13.73,10.11
"939",170.42,68.17,6.69,9.48,31.21,41.49,8.67,8.54,13.44,6.3
"940",172.21,87.43,6.84,9.38,25.53,28.34,15.25,6.94,9.46,3.6
"941",173.63,78.56,7,9.07,32.75,34.94,12.27,8.2,11.5,6.24
"942",173.73,57.52,6.38,9.56,29.59,38.04,10.67,13.09,12.31,5.21
"943",172.19,68.55,5.93,8.18,25.38,37.44,14.22,7.95,14.3,6.56
"944",160.17,52.8,7.56,9.6,21.89,36.6,9.1,10.47,12.72,4.06
"945",170.07,48.69,7.12,8.31,25.45,38.3,11.06,13.25,18.86,9.24
"946",168.15,44.89,6.27,8.57,24.76,31.45,21.39,3.03,15.7,7
"947",167.43,64.36,6.93,9.07,28.97,32.55,11.11,9.08,12.07,12.28
"948",168.95,58.68,7.23,9.36,24.48,35.51,11.28,10.66,8.29,8.26
"949",168.37,55.03,6.01,8.71,31.58,35.83,9.73,7.34,14.68,6.4
"950",172.86,61.25,7.17,7.81,30.07,36.33,10.42,13.25,12.22,9.27
"951",173.11,61.25,7.22,8.27,27.74,36.59,14.87,7.61,8.48,10.64
"952",170.81,59.89,7.14,9.42,31.88,37.83,11.99,13.73,11.96,5.35
"953",172.14,65.48,6.9,10.04,26.02,32.24,15.59,7.97,8.37,12.16
"954",168.31,58.13,6.54,9.27,28.38,32.17,12.29,6.94,19.84,0.39
"955",164.87,52.12,6.41,8.44,26.53,25.67,12.79,12.63,6.41,6.17
"956",169.87,66.83,7,8.17,22.63,30.69,11.51,9.65,8.1,4.25
"957",171.97,52.14,7.3,9.65,23.13,39.16,7.28,6.01,16.79,9.9
"958",179.06,43.19,6.62,8.9,32.48,36.09,13.44,9.81,11.9,13.13
"959",167.98,46.53,6.4,9.06,32.26,30.39,8.92,2.86,12.54,13.22
"960",173.2,51.2,6.65,9.34,26.74,30.25,11.61,5.13,8.7,16.15
"961",151.11,62.47,7.25,8.43,25.77,31.86,13.49,12.02,11.89,12.28
"962",168.1,64.34,6.61,8.32,32.18,30.61,6.84,1.21,10.05,6.35
"963",167.68,59.25,6.32,8.36,30.56,28,15.8,4.51,9.07,11.18
"964",177.5,51.48,6.67,8.66,26.68,28.81,11.69,12.37,14.81,12.93
"965",166.26,48.12,7.08,8.76,29.01,38.8,11.84,11.32,7.08,3.27
"966",168.5,53.73,6.35,10.11,33.24,30.62,7.9,9.48,17.64,11.74
"967",188.08,58.44,6.25,9.23,36.08,26.36,8.85,8.86,10.41,8.62
"968",168.07,77.97,6.78,9.25,28.98,31.04,8.91,9.05,14.96,14.01
"969",161.19,63.77,7.01,8.77,32.52,29.63,7.82,7.95,9.6,9.61
"970",167.81,49.87,6.98,8.83,22.16,33.98,10.83,8.88,13,3.97
"971",168.69,50.96,6.06,8.36,30.56,29.26,10.21,7.31,11.47,4.4
"972",175.87,69.89,6.37,8.05,27.48,27.99,8.69,-1.15,13.68,6.89
"973",166.62,72.47,7.33,8.64,23.76,40.97,15.37,11.44,12.84,10.22
"974",167.39,78.8,6.76,9.59,24.69,29.75,12.02,9.63,18.01,11.7
"975",170.84,54.36,7.15,9.2,29.62,35.82,7.85,15.58,16.82,4.81
"976",181.45,66.08,6.79,9.39,31.03,35.65,7.89,7.17,17.76,5.26
"977",160.88,62.84,6.7,8.46,29.71,27.8,5.41,11.39,13.12,7.23
"978",184.98,59.78,6.85,8.64,26.6,27.58,12.57,13.25,10.61,10.16
"979",183.1,82.54,6.15,9.48,31.42,29.21,10.86,8.45,19.36,5.99
"980",181.61,59.15,6.52,9.06,29.16,27.51,11.04,13.23,7.96,9.92
"981",174.48,48.58,6.61,8.81,27.24,34.89,9.79,14.96,8.4,9.19
"982",170.38,70.43,7.33,8.71,24.59,28.54,10.59,14.44,7.46,8.44
"983",169.04,73.75,7.55,7.97,25.89,34.35,15.57,16.25,9.89,12.42
"984",178.1,68.49,6.47,8.77,29.16,28.36,11.05,5.84,9.24,15.63
"985",169.11,62.16,7.08,8.24,27.62,26.41,11.22,9.62,15.47,12.59
"986",174.74,46.79,6.86,9.26,30.61,22.33,9.23,12.26,10.25,7.87
"987",157.29,47.36,7.24,8.08,25.61,29.34,12.55,5.46,5.38,14.45
"988",178.52,77.68,7.18,9.84,31.14,32.92,7.54,9.61,18.36,17.5
"989",169.24,47.13,6.85,8.89,26.09,39.36,10.75,11.94,5.12,0.26
"990",173.28,71.69,6.78,9.83,26.34,27.06,7.7,13.97,9.42,7.19
"991",167.77,53.06,6.81,8.64,23.17,34.02,12.55,5.08,12.9,14.01
"992",172.3,70.87,6.67,9.32,33.31,31.37,8.83,11.75,12.78,9.36
"993",190.14,64.13,6.38,9.21,25.72,29.43,15.24,7.59,21.47,8.79
"994",164.02,75.64,6.02,9.45,28.87,43.89,13.03,12.91,12.35,16.41
"995",169.81,63.02,6.74,8.04,31.61,34.87,5.39,7.98,8.54,11.19
"996",166.49,67.26,6.37,8.56,28.71,40.64,9.66,11.24,3.54,9.9
"997",168.21,66.5,6.72,10.45,28.49,29.78,15.94,6.84,11.16,1.53
"998",173.64,62.05,6.63,9.31,32.05,38.08,11.98,5.96,8.24,19.31
"999",167.42,65.32,7.11,8.57,28.11,42.32,13.54,6.8,11.08,10.4
"1000",179.85,66.73,6.77,8.61,31.38,37.13,7.2,6.85,12.24,0.38
